Report.ID,Event.ID,Anonymous.at.point.of.interview,Location,Year,Year.for.analysis,EncounterMonthNumeric,TimeSI,Report.Year.for.analysis,BSSTranslated,AllDistNADpriority,Duration,SeenLengthSI,Handedness
125,E123,N,Shore,c. 1880,1880,NA,NA,1962,NA,91.44,NA,NA,2nd
126,E124,Y,Shore,1939,1939,NA,NA,1961,NA,NA,NA,NA,2nd
127,E125,Y,NK,very late 1870s,1879,NA,13,1961,NA,NA,NA,NA,2nd
141,E139,N,Shore,1961,1961,7,NA,NA,0,NA,NA,NA,1st
163,E160,N,Boat,Probably 1970,1970,8,19.5,NA,NA,91.44,NA,NA,1st
3550,E171,N,Shore,1972,1972,8,15.5,1972,1,4023.36,3,NA,1st
189,E177.1,N,Boat,1920,1920,NA,NA,1964,NA,NA,NA,NA,1st
190,E178,N,Shore,1954,1954,7,14,1964,NA,NA,NA,NA,1st
191,E179,N,Shore,1954,1954,7,NA,1964,NA,NA,NA,NA,1st
192,E180,N,Shore,1960,1960,8,NA,1964,NA,804.67,NA,NA,1st
193,E181,N,Shore,1963,1963,8,NA,1964,NA,13.716,NA,NA,2nd
197,E185,N,Shore,1960,1960,4,NA,NA,NA,NA,NA,NA,1st
199,E187,N,Boat,1969,1969,8,NA,NA,3,NA,NA,NA,1st
200,E188,N,Shore,1960,1960,2,15.21,NA,1.5,1554.48,9,16.1544,1st
202,E190,N,Boat,1971,1971,8,NA,NA,NA,0,NA,NA,1st
206,E194,N,Shore,1958,1958,5,NA,1961,NA,NA,NA,NA,1st
204,E192,N,Shore,1971,1971,10,14.25,1971,0,804.72,2,NA,1st
205,E193,N,Shore,1971,1971,10,NA,1971,0,274.32,0.333333333,NA,1st
207,E195,N,Boat,1964,1964,1,NA,1964,0,1207.08,2.5,NA,1st
208,E196,N,NK,1964,1964,3,11.15,1964,0,1207.008,3,NA,1st
209,E197,Y,NK,1964,1964,5,NA,1964,NA,1609.44,NA,NA,2nd
211,E199,N,NK,1964,1964,5,NA,1964,1,2414.016,0.125,NA,1st
215,E203,N,NK,1964,1964,7,NA,1964,2,91.44,1.5,NA,2nd
216,E204,N,NK,1964,1964,8,NA,1964,NA,NA,5,NA,2nd
217,E205,N,NK,1964,1964,8,NA,1964,NA,NA,NA,NA,2nd
218,E206,Y,NK,1964,1964,NA,NA,1964,NA,NA,NA,NA,2nd
219,E207,Y,NK,1964,1964,NA,NA,1964,NA,NA,NA,NA,2nd
220,E208,N,NK,1964,1964,9,14.67,1964,1,365.76,0.166666667,4.572,1st
4328,E209,N,Shore,1964,1964,9,NA,1964,NA,NA,NA,NA,1st
222,E210,N,NK,1964,1964,10,NA,1964,NA,NA,NA,NA,2nd
223,E211,Y,NK,1964,1964,10,NA,1964,NA,NA,NA,NA,2nd
224,E212,N,Shore,1965,1965,3,NA,1965,NA,NA,NA,NA,1st
225,E213,N,Shore,1965,1965,7,NA,1965,NA,NA,6,4.572,1st
226,E214,N,Boat,1936,1936,6,NA,NA,NA,NA,NA,NA,2nd
1547,E1533,N,Shore,1977,1977,5,8.5,1996,NA,274.32,NA,NA,1st
1552,E1538,Y,NK,2004,2004,2,NA,2004,NA,NA,NA,NA,2nd
1626,E1611,N,Shore,2007,2007,5,22,2007,NA,91.44,2.5,1.524,1st
1643,E1628,N,NK,1960,1960,12,NA,NA,NA,804.672,15,NA,2nd
1644,E1629,N,Shore,1955,1955,7,NA,1980,NA,NA,NA,NA,1st
1714,E1698,Y,NK,2005,2005,8,NA,NA,NA,NA,NA,NA,2nd
1715,E1699,Y,NK,2005,2005,8,NA,NA,NA,NA,NA,NA,2nd
1716,E1700,Y,NK,2005,2005,9,NA,NA,NA,NA,NA,NA,2nd
1738,E1721,N,NK,1977,1977,NA,NA,NA,NA,NA,NA,NA,2nd
1739,E1722,N,NK,1977,1977,NA,NA,NA,NA,NA,NA,NA,2nd
1740,E1723,N,NK,1977,1977,NA,NA,NA,NA,NA,NA,NA,2nd
1743,E1726,N,Shore,1977,1977,5,16,1996,NA,91.44,NA,NA,1st
1751,E1733,N,NK,1969,1969,NA,NA,NA,NA,NA,NA,NA,2nd
1756,E1738,Y,NK,1983,1983,9,NA,NA,NA,NA,NA,NA,2nd
1878,E1823,N,NK,1983,1983,8,NA,NA,NA,1609.344,NA,1.8288,1st
1881.1,E1895,N,Shore,1934,1934,7,NA,1934,NA,NA,10,NA,1st
2274,E1963,N,Shore,1933,1933,4,NA,1933,0,411.48,NA,6.096,1st
1958,E1965,N,NK,1999,1999,3,NA,2001,NA,182.88,NA,NA,1st
1959,E1966,N,Shore,2000,2000,1,NA,2000,NA,274.32,NA,NA,1st
2086,E2089,N,Shore,1936,1936,9,NA,1936,NA,NA,NA,NA,1st
2096,E2099,N,Shore,1936?,1936,9,NA,1936,0,NA,15,NA,1st
2097,E2100,N,NK,1936,1936,6,11,1936,NA,NA,NA,NA,1st
2098,E2101,N,Shore,1977,1977,8,NA,1980,NA,NA,NA,NA,1st
2118,E2121,N,Shore,Late 1980s,1987,NA,NA,1993,NA,NA,40,NA,1st
2119,E2122,N,Shore,1987,1987,6,NA,1993,0,NA,12.5,NA,1st
2120,E2123,N,Shore,1993,1993,6,NA,1993,NA,NA,NA,NA,1st
2162,E2162,Y,Shore,1935,1935,NA,NA,NA,0,NA,6,NA,1st
2164,E2164,N,Shore,1952,1952,NA,NA,1952,NA,45.72,NA,NA,2nd
2165,E2165,N,Shore,1953,1953,12,NA,1953,NA,NA,10,NA,2nd
4416,E2166,N,Shore,1934,1934,7,NA,1934,NA,1207.008,NA,2.4384,1st
2168,E2167,N,Boat,1938,1938,8,16.67,1938,1,NA,NA,NA,1st
2169,E2168,N,Shore,1950,1950,NA,NA,1950,NA,274.32,NA,NA,1st
2171,E2170,N,Boat,1966,1966,8,NA,1966,NA,1207.008,NA,NA,1st
2173,E2172,N,Boat,1970,1970,8,NA,1970,NA,804.672,NA,NA,2nd
3723,E2214,N,Shore,1967,1967,5,9.67,1967,0,29.718,5,NA,1st
2216,E2215,Y,Shore,1996,1996,8,NA,NA,NA,NA,NA,NA,2nd
2217,E2216,Y,Boat,1997,1997,NA,NA,1999,NA,NA,NA,NA,2nd
2881,E2218,N,Shore,1934,1934,6,NA,1934,NA,NA,NA,NA,1st
2220,E2219,N,NK,1966,1966,NA,NA,NA,NA,NA,1,NA,2nd
2221,E2220,N,Shore,1987,1987,7,8.5,1987,0,NA,NA,NA,2nd
2224,E2223,N,NK,1960,1960,7,NA,1960,0,804.5,NA,3.048,2nd
2225,E200,N,Shore,1964,1964,5,8.25,1964,0,115.3115241,NA,NA,1st
2226,E2225,N,Shore,1967,1967,4,NA,NA,NA,400,NA,NA,1st
2227,E2226,N,NK,1934,1934,8,NA,NA,NA,NA,NA,NA,2nd
2228,E2227,Y,NK,1997,1997,3,NA,NA,NA,NA,NA,NA,2nd
2230,E2229,N,Shore,1933,1933,9,11,1933,0,914.4,NA,NA,1st
2232,E2231,N,NK,1934 (but check not 1935),1934,8,NA,NA,NA,NA,NA,NA,1st
2233,E2232,N,NK,1966,1966,8,NA,NA,NA,NA,NA,NA,2nd
2234,E2212,Y,Boat,1954,1954,2,11.5,NA,NA,NA,NA,NA,2nd
2238,E2236,N,Boat,1903,1903,12,NA,1934,NA,228.6,NA,NA,2nd
2239,E2237,N,Boat,c. 1889 why not 1893 as 40 years before 1933,1889,NA,NA,1933,NA,NA,NA,NA,2nd
2241,E2239,N,Shore,1933,1933,12,NA,NA,NA,91.44,NA,NA,1st
2242,E2240,N,Boat,c. 1889?,1889,NA,NA,1933,NA,NA,NA,NA,2nd
2243,E2241,N,Shore,c. 1908,1908,NA,NA,1934,NA,NA,NA,NA,2nd
2244,E2242,N,Boat,1914-1918,1916,NA,NA,1933,NA,274.32,NA,NA,2nd
2271,E2270,N,Boat,1930,1930,7,19.5,1933,NA,274.32,3.5,6.7056,1st
2272,E2271,N,NK,1932,1932,2,NA,1933,NA,274.32,NA,NA,2nd
2273,E2272,N,NK,1934,1934,5,18.5,1934,0,32.004,10,NA,1st
2275,E2274,N,Shore,1933,1933,5,NA,1933,0,457.2,5.5,NA,1st
2276,E2275,N,Shore,1933,1933,5,NA,1933,NA,NA,NA,NA,2nd
2277,E2276,N,Shore,1933,1933,5,NA,1933,NA,411.48,10,NA,2nd
2278,E2277,N,Shore,1933,1933,7,NA,1933,NA,640.08,10,NA,2nd
4560,E2278,N,Shore,1933,1933,8,NA,1933,NA,NA,NA,NA,1st
2280,E2279,N,Shore,1933,1933,8,16,1933,NA,685.8,NA,NA,2nd
2282,E2281,N,Shore,1933,1933,8,NA,1933,0,804.672,NA,NA,2nd
2283,E2282,N,Shore,1933,1933,8,17.5,1933,NA,109.728,4,NA,1st
2284,E2283,N,Shore,1933,1933,8,11.5,1933,NA,731.52,0.016666667,NA,1st
2288,E2286,Y,Shore,1983,1983,NA,NA,NA,NA,820,NA,NA,2nd
2291,E2289,N,Shore,1960,1960,5,16.17,1960,NA,NA,10,NA,1st
2292,E2290,N,Boat,1960,1960,8,16.25,1960,NA,45.72,NA,NA,1st
2294,E2292,N,Shore,1934,1934,5,NA,1960,0,365.76,NA,NA,1st
2300,E2294,N,NK,1955,1955,8,NA,1972,NA,NA,NA,NA,1st
2301,E2295,N,NK,1972,1972,8,NA,1972,NA,NA,NA,NA,1st
2302,E2296,N,NK,Middle 1930s,1935,NA,NA,NA,NA,91.44,4.5,NA,2nd
2304,E2298,N,NK,1938,1938,5,12,1938,3,NA,NA,NA,1st
4670,E2299,N,NK,1933,1933,11,13.33,1933,0,NA,NA,NA,1st
2355,E2238,N,Shore,1933,1933,11,NA,1933,0,182.88,NA,NA,1st
2356,E2356,Y,NK,1935,1935,6,NA,1950,NA,NA,NA,NA,1st
2357,E2357,N,NK,1871 or 1872,1871,10,12,1934,NA,NA,NA,NA,1st
2358,E2358,N,Shore,Before 1957,1956,NA,NA,1956,NA,402.336,NA,NA,1st
2359,E2359,N,NK,Before 1957,1956,NA,NA,1956,NA,NA,NA,NA,1st
2360,E2360,N,Shore,1947,1947,4,NA,1956,0,NA,4.5,NA,1st
2364,E2362,N,Shore,1954,1954,10,NA,1954,NA,NA,10,NA,1st
2366,E2363,N,Aerial,1939,1939,6,NA,1954,NA,NA,0.5,NA,1st
2367,E2364,N,Shore,1955,1955,7,NA,1955,NA,NA,NA,NA,1st
2368,E2365,N,Shore,1934,1934,8,6.5,1955,0,NA,NA,NA,1st
2369,E2366,N,Shore,1933,1933,10,NA,1933,NA,NA,NA,NA,2nd
2370,E2367,N,Shore,1937,1937,8,NA,1956,NA,106.68,4,NA,1st
2371,E2368,Y,Shore,1949,1949,NA,NA,1956,0,NA,NA,NA,1st
2372,E2518,N,Shore,1933,1933,11,NA,1956,NA,2011.68,10,NA,1st
2527,E2370,N,Shore,1933,1933,12,NA,1933,NA,0.8045,2,NA,1st
2374,E2371,N,Shore,1951,1951,11,11.75,1951,0,91.44,NA,NA,1st
2376,E2372,Y,Shore,1944,1944,4,11.75,1956,NA,NA,NA,NA,1st
2377,E2373,N,Shore,1933,1933,8,17.5,1934,0,594.36,NA,NA,1st
2379,E2375,N,Shore,1937,1937,NA,NA,1938,NA,NA,40,NA,1st
2380,E2376,N,Shore,1950,1950,6,NA,1956,0,NA,15,18.288,1st
2381,E2377,N,Shore,1935,1935,NA,NA,1955,NA,NA,7.5,NA,1st
2382,E2378,N,Shore,1936,1936,10,NA,1955,NA,NA,14,NA,1st
2383,E2379,N,Shore,1950,1950,4,NA,1956,NA,NA,NA,NA,1st
2385,E2381,N,Shore,1947,1947,7,17,1956,NA,NA,NA,NA,1st
2387,E2383,N,Shore,1952,1952,8,12,1956,NA,18.288,NA,NA,1st
2388,E2384,N,Shore,1933,1933,10,NA,1933,0,685.8,12,NA,1st
2389,E2385,N,Shore,1934,1934,8,NA,1934,NA,548.64,NA,NA,1st
2390,E2386,N,Shore,1940,1940,5,NA,1940,0,NA,NA,NA,1st
2391,E2387,N,Shore,1952,1952,4,NA,1956,NA,NA,NA,NA,2nd
2393,E2389,N,Shore,1954,1954,8,NA,1956,NA,NA,10,NA,2nd
2394,E2390,N,Shore,1954,1954,7,NA,1956,NA,NA,10,NA,2nd
4402,E2391,N,Boat,1954,1954,7,NA,1954,NA,NA,5,NA,1st
2396,E2392,Y,Shore,1954,1954,2,NA,1956,NA,91.44,NA,NA,2nd
2621,E2394,N,Shore,1952,1952,4,NA,1952,NA,320.04,NA,NA,1st
2399,E2395,N,Shore,1951,1951,6,NA,1956,NA,64.008,NA,NA,2nd
2401,E2396,N,Shore,1950,1950,8,15.38,1950,0,NA,NA,NA,1st
2402,E2398,N,Shore,1948,1948,6,NA,1956,0,182.88,NA,7.62,1st
2404,E2400,Y,Shore,1945,1945,9,NA,1956,NA,NA,NA,NA,2nd
2405,E2401,Y,Shore,1945,1945,NA,NA,1956,NA,402.336,NA,NA,2nd
2406,E2402,Y,Shore,1944,1944,NA,NA,1956,NA,0.5,10,NA,2nd
2407,E2403,Y,Shore,1940,1940,NA,NA,1956,NA,NA,NA,NA,2nd
2408,E2404,N,Shore,Late 1930s,1937,NA,NA,1956,NA,18.288,NA,5.7912,2nd
2411,E2407,N,Shore,1934,1934,8,10.75,1934,NA,109.728,5,NA,1st
2412,E2408,Y,Shore,1934,1934,NA,NA,1956,0,NA,NA,NA,2nd
2413,E2409,Y,Shore,1934,1934,7,9,1956,NA,NA,NA,NA,1st
2415,E2411,Y,Shore,1934,1934,7,NA,1956,1,182.88,NA,NA,1st
2416,E2412,Y,Shore,1934,1934,NA,NA,1956,NA,804.672,NA,NA,2nd
2417,E2413,N,Shore,1934,1934,4,17,1934,NA,1609.3144,20,NA,1st
2418,E2414,N,Shore,1934,1934,4,NA,1934,NA,182.88,NA,6.096,1st
2421,E2417,N,NK,1934,1934,1,NA,1956,NA,NA,NA,NA,2nd
2422,E2418,Y,NK,1934,1934,1,NA,1956,NA,45.72,NA,NA,1st
2424,E2420,Y,NK,1934,1934,NA,NA,1956,NA,192.024,NA,NA,2nd
2425,E2421,Y,NK,1934,1934,NA,NA,1956,NA,NA,NA,NA,1st
2427,E2423,Y,NK,1934,1934,NA,NA,1956,NA,NA,1,NA,2nd
2428,E2424 ,Y,NK,1934,1934,NA,NA,1956,NA,1207.008,NA,NA,2nd
2430,E2426,N,Shore,1966,1966,8,15,1966,0,22.86,3,NA,1st
2431,E2427,N,NK,1967,1967,7,11.5,1967,1,603.504,5,NA,1st
4671,E2429,N,Shore,1933,1933,12,NA,1933,NA,91.44,30,NA,1st
4668,E2517,N,Shore,1933,1933,11,NA,1933,NA,2.4384,20,NA,1st
2439,E2434,N,Shore,1933,1933,8,NA,NA,NA,NA,NA,NA,2nd
2440,E2435,Y,NK,1933,1933,10,NA,NA,NA,804.672,NA,NA,2nd
2455,E2450,Y,NK,Early 1930s,1932,NA,NA,NA,NA,402.336,2,NA,2nd
2481,E2475,N,Shore,1943,1943,5,5.25,NA,NA,228.6,NA,8.382,2nd
2482,E2476,N,Shore,Before end of last war,1945,NA,NA,NA,NA,548.64,NA,NA,1st
2485,E2479,N,Shore,1965,1965,9,10.5,NA,NA,NA,NA,NA,2nd
2488,E2482,Y,NK,1965,1965,9,17.17,NA,NA,NA,NA,NA,2nd
2489,E2483,N,Shore,1965,1965,9,17.83,NA,NA,NA,NA,NA,2nd
2491,E2485,N,Shore,1967,1967,9,14,1967,0,228.6,2,NA,1st
2492,E2486,N,Boat,1967,1967,3,15,1967,4,NA,NA,NA,1st
2496,E2490,Y,NK,1934,1934,6,NA,NA,NA,182.88,NA,NA,1st
2497,E2491,N,NK,1934,1934,8,NA,NA,NA,NA,NA,NA,1st
2500,E2494,N,NK,1914,1914,7,NA,NA,NA,NA,NA,NA,2nd
2501,E2495,N,NK,1923,1923,5,NA,NA,1,NA,9,3.3528,1st
2502,E2496,N,NK,1929,1929,8,9.5,NA,0,274.32,10,NA,2nd
2503,E2497,Y,NK,Before 1933,1932,NA,NA,NA,NA,274.32,3.5,NA,2nd
2505,E2499,N,Shore,1932,1932,2,NA,NA,NA,274.32,NA,NA,2nd
2507,E2501,N,Shore,1933,1933,8,8,1933,NA,NA,30,NA,1st
2508,E2502,N,Shore,1933,1933,8,11,1933,NA,1097.28,NA,NA,1st
2509,E2503,N,Shore,1933,1933,8,9,1933,NA,274.32,2,NA,2nd
2510,E2504,N,Shore,1933,1933,8,21.25,1933,NA,182.88,4.5,15.24,1st
2511,E2505,N,NK,1933,1933,8,18,1933,NA,502.92,3,NA,2nd
2512,E2506,N,Shore,1933,1933,8,20,1933,0,91.44,NA,NA,2nd
2513,E2507,N,Shore,1933,1933,9,15.75,1933,NA,1828.8,NA,NA,2nd
2514,E2508,N,Shore,1933,1933,9,14,1933,0,868.68,4,NA,1st
2515,E2509,N,Shore,1933,1933,9,12,1933,0,228.6,10,NA,1st
2517,E2511,N,Shore,1933,1933,10,19.5,1933,0,731.52,NA,NA,2nd
2520,E2514,N,Shore,1933,1933,10,12.75,1933,0,0.45675,NA,NA,1st
2521,E2515,N,Shore,1933,1933,10,15,1933,1,411.48,NA,2.7432,2nd
2522,E2516,N,Shore,1933,1933,11,14,1933,0,NA,NA,NA,2nd
2525,E2519,N,Shore,1933,1933,11,9,1933,0,NA,10,NA,1st
2526,E2520,N,Shore,1933,1933,12,8,1933,NA,NA,10,NA,1st
4414,E2522,N,NK,1934,1934,1,13,1934,0,NA,NA,NA,1st
2529,E2428,N,Shore,1933,1933,12,NA,1934,0,91.44,3,5.334,1st
2530,E2524,N,Shore,1933,1933,12,NA,1933,3,365.76,40,4.8768,1st
2531,E2525,N,NK,1934,1934,1,NA,1934,NA,NA,40,NA,2nd
2532,E2526,N,NK,1934,1934,1,15.83,1934,0,NA,10,NA,1st
2533,E2527,N,NK,1934,1934,2,NA,1934,0,457.2,NA,NA,2nd
2534,E2528,N,NK,1934,1934,2,10,1934,0,457.2,NA,NA,2nd
2535,E2415 ,N,NK,1934,1934,2,NA,1934,NA,NA,NA,NA,2nd
2537,E2531,N,NK,1933,1933,6,NA,1933,NA,NA,NA,NA,2nd
2543,E2532,N,NK,1926,1926,NA,NA,1962,NA,NA,NA,NA,1st
2545,E2532.1,Y,Boat,1933,1933,6,NA,1933,NA,45.72,NA,NA,2nd
2546,E2533,N,Shore,1934,1934,9,7.25,NA,NA,1207.008,NA,NA,1st
2547,E2534,N,NK,1958,1958,7,NA,1960,NA,NA,NA,NA,2nd
3175,E2535,N,Boat,Mid 1950s,1955,NA,NA,1977,NA,NA,NA,NA,1st
2549,E2536,Y,Shore,Before the last war,1938,NA,NA,NA,NA,36.576,NA,NA,2nd
2550,E2537,N,Shore,1934,1934,5,NA,1934,NA,27.432,NA,NA,2nd
2551,E2538,N,NK,1935,1935,12,15,NA,NA,NA,5,NA,1st
2553,E2405,N,Shore,1938,1938,6,NA,1938,NA,18.288,NA,NA,1st
2554,E2541,N,Shore,1937,1938,NA,NA,NA,NA,NA,NA,NA,1st
2560,E2544,Y,Shore,1958,1958,10,NA,1958,NA,NA,NA,NA,2nd
2561,E2545,N,Shore,1954,1954,8,NA,NA,NA,NA,NA,10.668,2nd
2562,E2546,N,Shore,1938,1938,NA,NA,NA,NA,NA,NA,NA,1st
2563,E2547,N,Shore,1959,1959,2,NA,NA,NA,402.25,5,NA,2nd
2564,E2612,N,Shore,1963,1963,8,19.5,NA,0,45.72,NA,NA,1st
2565,E2549,N,Shore,1957,1957,6,NA,1960,NA,1609.344,NA,NA,1st
2566,E2550,N,Shore,1966,1966,9,NA,NA,NA,NA,6,NA,1st
2570,E2554,N,Boat,1940,1940,NA,11,NA,0,182.88,NA,NA,1st
2571,E2555,N,NK,1973,1973,7,NA,1974,NA,NA,NA,NA,2nd
4386,E2556,N,Shore,1944,1944,4,NA,1944,NA,NA,NA,NA,1st
2573,E2399,N,Shore,1945,1945,5,NA,NA,NA,NA,2,NA,1st
2574,E2558,N,Boat,1943,1943,NA,NA,1969,NA,0,NA,NA,1st
2575,E2559,Y,NK,1947,1947,NA,NA,NA,NA,NA,NA,NA,1st
2576,E2560,N,NK,1951,1951,6,NA,NA,0,NA,NA,NA,1st
2577,E2561,N,Shore,1957,1957,3,NA,NA,NA,NA,NA,NA,2nd
2578,E2562,N,Shore,1957,1957,12,NA,NA,NA,137.16,NA,NA,2nd
2584,E2566,N,Boat,1962,1962,NA,22.5,NA,NA,1.218,NA,NA,1st
2586,E2568,N,Shore,1963,1963,6,NA,1963,NA,804.5,NA,NA,1st
2588,E201,N,Shore,1965,1964,5,NA,NA,NA,NA,NA,NA,1st
2594,E2573,N,Boat,1966,1966,8,NA,1966,NA,1609.344,NA,NA,1st
2597,E82,N,Boat,1963,1963,7,22,NA,0,22.86,NA,NA,2nd
2600,E2579,N,NK,1970,1970,7,21.92,NA,NA,NA,NA,NA,1st
3796,E2580,N,Shore,1971,1971,6,22.33,1971,0,1072.896,4.5,NA,1st
2603,E2581,N,Boat,1972,1972,8,NA,NA,NA,NA,NA,NA,1st
2604,E2582,N,Shore,1973,1973,11,11.75,1974,2,11.43,NA,NA,1st
2605,E2583,N,Boat,1889,1889,NA,NA,1947,0,NA,NA,NA,1st
2607,E2585,N,NK,1969,1969,6,NA,NA,0,NA,NA,NA,1st
2611,E2587,Y,Shore,1961,1961,11,NA,NA,NA,NA,NA,NA,1st
2612,E2588,N,Shore,1962,1962,8,6,NA,NA,NA,NA,NA,1st
2613,E2589,N,Shore,1963,1963,8,NA,NA,NA,22.86,NA,NA,2nd
2614,E83,N,NK,Before or in 1963,1963,NA,NA,NA,NA,NA,10,NA,2nd
5107,E2592,N,Shore,1935,1935,1,NA,1935,NA,NA,35,NA,1st
2617,E2593,N,Shore,1935,1935,2,NA,NA,NA,NA,NA,NA,2nd
2618,E2594,Y,NK,1948,1948,7,NA,NA,NA,NA,15,NA,2nd
2619,E2595,Y,NK,1948,1948,6,NA,NA,NA,NA,NA,NA,2nd
2620,E2596,Y,NK,1948,1948,8,NA,NA,NA,NA,15,NA,2nd
2622,E2598,N,NK,1961,1961,6,NA,NA,0,NA,NA,NA,2nd
2623,E2599,N,Shore,1963,1963,5,NA,NA,NA,NA,NA,NA,2nd
2624,E2600,N,Shore,1963,1963,6,NA,NA,NA,NA,NA,NA,2nd
2625,E2601,N,Shore,1966,1963,4,10.5,NA,NA,1207.008,NA,NA,2nd
3753,E2602,N,Shore,1968,1968,4,21.03,1968,0,411.48,0.25,13.716,1st
2627,E2603,N,NK,1968,1968,5,NA,NA,NA,NA,NA,NA,2nd
2628,E2604,N,Shore,1968,1968,7,NA,NA,NA,NA,NA,NA,2nd
5177,E2605,N,Shore,1968,1968,8,NA,1968,1,NA,NA,NA,1st
3638,E2606,N,Shore,1974,1974,10,11,1974,0,7.62,0.5,1.524,1st
5183,E3628,N,Boat,1975,1975,7,11.5,1975,1,NA,1,4.1148,1st
2633,E2609,N,Shore,1978,1978,8,14,NA,NA,NA,0.5,NA,1st
2634,E2610,N,NK,1979,1979,4,NA,NA,NA,NA,NA,NA,1st
2635,E2611,N,NK,1982,1982,8,11.67,1982,NA,NA,NA,NA,1st
2642,E2614,N,NK,1965,1965,6,7.58,1967,NA,NA,4.5,NA,1st
2644,E2615,N,Shore,1965,1965,6,22.5,1967,NA,1609,2,NA,1st
2646,E2616,N,Shore,1965,1965,6,NA,1967,NA,NA,NA,NA,1st
2651,E2618,N,Shore,1952,1952,NA,21,1964,0,45.72,45,NA,1st
2652,E2619,N,NK,1933 or 1934,1933,NA,NA,1964,3,NA,NA,NA,1st
2653,E2620,N,Shore,1965,1965,4,10,1965,2,NA,10,NA,1st
2654,E2621,N,Shore,1967,1967,3,19,1967,NA,NA,1.5,NA,1st
2656,E2623,N,Shore,1939,1939,NA,NA,1963,NA,NA,NA,NA,1st
2657,E2624,N,Shore,1968,1968,9,NA,NA,NA,NA,NA,NA,2nd
2663,E2628,N,Shore,1952,1952,9,11.17,1974,0,NA,20,NA,1st
2664,E2629,N,NK,1969,1969,9,NA,NA,0,800,NA,NA,2nd
2665,E2630,N,Shore,1970,1970,8,14.17,1970,0,160.02,11,NA,1st
3637,E2632,N,NK,1974,1974,9,13.5,1974,0,1609.344,30,8.382,1st
2760,E2633,N,Shore,1960,1960,8,15.25,1960,0,NA,NA,NA,1st
2669,E2634,Y,Shore,1933,1933,6,NA,1933,NA,NA,NA,NA,2nd
2670,E2635,N,NK,1960,1960,11,NA,1961,NA,NA,NA,NA,1st
2720,E2636,N,Shore,1934,1934,7,12.67,1934,4,274.32,NA,NA,1st
2721,E2637,N,Shore,1934,1934,7,10.5,1934,NA,NA,0.075,NA,1st
2722,E2638,N,Shore,1934,1934,7,14.5,1934,NA,NA,NA,NA,1st
2723,E2639,N,Shore,1934,1934,7,16.5,1934,NA,2011.25,3,NA,1st
2726,E2641,N,Shore,1934,1934,7,10.38,1934,NA,NA,1,4.572,1st
2727,E2642,N,NK,1934,1934,7,8.33,1934,NA,NA,NA,NA,2nd
2728,E2643,N,Shore,1934,1934,7,10.5,1934,NA,1207.008,NA,NA,1st
2729,E2644,N,Shore,1934,1934,7,11,1934,NA,NA,0.091666667,NA,1st
2730,E2803,N,Shore,1934,1934,7,10,1934,NA,18.288,NA,NA,1st
2731,E2646,Y,NK,1934?,1934,7,NA,1934,0,182.88,10,NA,1st
2732,E2647,N,Shore,1934,1934,7,12,1934,NA,NA,5,NA,1st
2733,E2648,N,Shore,1934,1934,7,NA,NA,NA,NA,NA,NA,1st
2734,E2649,N,Shore,1934,1934,7,12,1934,3,NA,NA,3.9624,1st
2735,E2650,N,Shore,1934,1934,7,10.33,1934,5,NA,NA,NA,1st
2737,E2652,N,Shore,1934,1934,7,9.83,1934,NA,NA,NA,NA,1st
2740,E2653,N,Shore,1934,1934,8,12.75,1934,0,137.16,NA,3.048,1st
2744,E2655,Y,NK,1960,1960,7,5.5,1961,NA,NA,NA,NA,2nd
2745,E2656,N,Shore,1958,1958,NA,NA,1960,NA,NA,NA,NA,2nd
2748,E2659,N,Shore,1936 or 1937,1937,8,NA,NA,NA,NA,NA,NA,1st
2749,E2660,N,NK,1960,1960,7,NA,1960,0,1609,NA,NA,1st
2750,E2661,N,Shore,1937,1937,NA,NA,1960,NA,731.52,NA,NA,1st
2751,E2662,Y,NK,1937,1937,7,NA,NA,NA,NA,NA,NA,2nd
2753,E2664,N,Shore,1946,1946,8,NA,1959,NA,NA,NA,NA,1st
2754,E2665,N,Shore,1958,1958,NA,NA,1960,NA,NA,NA,NA,1st
2757,E2668,N,Shore,1934,1934,6,NA,1959,NA,NA,NA,NA,1st
2764,E2670,N,Boat,1971,1971,9,NA,1972,4,182.88,NA,NA,1st
2770,E2675,N,Shore,1934,1934,6,NA,1950,NA,NA,NA,NA,1st
3865,E2679,N,Shore,1971,1971,6,11.17,1971,NA,228.6,0.5,NA,1st
2776,E2681,N,Shore,1957,1957,6,NA,1975,NA,NA,5,NA,1st
3088,E2682,N,Shore,1979,1979,7,16.25,1998,NA,91.44,NA,NA,1st
2778,E2683,N,Shore,1979,1979,8,NA,NA,NA,NA,NA,NA,1st
2779,E2684,N,Boat,1937,1937,6,NA,NA,NA,NA,NA,NA,2nd
2783,E2686,N,Shore,1982,1982,NA,NA,1982,NA,NA,NA,NA,2nd
2784,E2687,N,Shore,1938,1938,NA,NA,NA,NA,275,NA,NA,2nd
2786,E2689,N,Shore,1967,1967,8,12.75,1967,1,2414.016,24,NA,1st
2788,E2691,N,Shore,1967,1967,8,NA,NA,NA,NA,NA,NA,2nd
2789,E2692,N,Boat,1967,1967,8,NA,NA,NA,NA,NA,NA,2nd
2790,E2693,N,Shore,1967,1967,8,NA,NA,NA,1.8288,NA,NA,2nd
2792,E2695,Y,Shore,c. 1874,1874,NA,NA,1934,NA,NA,NA,NA,2nd
2794,E2697,Y,Boat,A year or two before WW1,1912,NA,NA,NA,NA,NA,NA,NA,2nd
2806,E2709,N,NK,1927,1927,NA,NA,NA,NA,NA,NA,NA,2nd
2809,E2712,N,Shore,1955,1955,NA,NA,NA,NA,3218.688,30,NA,2nd
2810,E2713,N,Shore,1948,1948,12,NA,1948,0,137.16,10,NA,2nd
2811,E2714,N,Shore,1939,1939,NA,NA,NA,NA,228.6,NA,NA,2nd
2812,E2715,Y,Shore,1934,1934,6,NA,NA,NA,NA,NA,NA,2nd
2813,E2716,N,Shore,1938,1938,4,14,1938,1,NA,NA,NA,1st
2814,E2717,N,Shore,Before 1943,1942,NA,NA,NA,NA,NA,NA,NA,2nd
2815,E2380,N,Shore,1947,1947,7,NA,NA,NA,1408.176,NA,NA,1st
2818,E2719,Y,Shore,1933,1933,8,8,NA,NA,91.44,NA,NA,2nd
2819,E2720,N,Shore,1943 or before,1943,NA,11,1943,NA,NA,NA,NA,2nd
2820,E2721,Y,Boat,1950 or before,1950,NA,NA,1950,2,NA,NA,NA,2nd
2830,E2731,Y,Shore,1950,1950,8,NA,NA,NA,NA,NA,NA,2nd
2831,E2732,Y,NK,About 1940,1940,NA,NA,NA,NA,NA,NA,NA,2nd
2832,E2733 ,Y,NK,About 1937,1937,NA,NA,NA,NA,NA,NA,NA,2nd
2833,E2735,Y,NK,1933,1933,11,NA,NA,NA,804.672,12,NA,2nd
2834,E2736,N,Shore,1933,1933,9,9.5,NA,NA,502.92,NA,NA,2nd
2835,E2513,N,Shore,1933,1933,8,12.25,NA,NA,NA,NA,NA,1st
2840,E2739,N,Shore,1967,1967,8,17.33,1968,4,NA,NA,NA,1st
2842,E2741,N,Shore,1957,1957,6,NA,NA,NA,NA,NA,NA,1st
2844,E2742,N,Shore,1959,1959,7,15.25,NA,NA,NA,NA,NA,1st
3211,E2565,N,Shore,1962,1962,10,NA,1964,NA,182.88,NA,2.1336,1st
2851,E2744,N,Shore,1933,1933,8,19,1933,NA,NA,NA,NA,2nd
2852,E2680,N,Boat,1918,1918,NA,NA,1968,4,NA,NA,NA,1st
2853,E2746,Y,Shore,Before 1950,1949,NA,NA,NA,NA,NA,NA,NA,2nd
2856,E2748,N,Shore,1960,1960,8,9.5,1968,NA,16.002,NA,NA,1st
2857,E2749,N,Shore,1967,1967,12,1.5,1968,0,NA,NA,NA,2nd
2858,E2750,N,Shore,1962,1962,8,NA,NA,0,11.43,NA,NA,1st
2859,E2751,N,Shore,1966,1966,7,8,1968,1,NA,NA,NA,1st
2860,E2752,N,Shore,1967,1967,4,20,1968,3,NA,NA,NA,1st
2864,E2754,N,NK,1946,1946,NA,NA,NA,NA,18.288,NA,15.24,1st
2865,E2755,N,Shore,Before 1968,1967,NA,NA,1968,NA,NA,NA,NA,2nd
2866,E2756,N,Shore,Around 1948,1948,NA,NA,1968,NA,160.02,NA,NA,2nd
2867,E2757,N,NK,1963,1963,NA,NA,NA,NA,NA,NA,NA,1st
2868,E2758,N,Shore,1936,1936,NA,10,NA,0,182.88,17.5,NA,1st
2869,E2759,N,Shore,c. 1948,1948,NA,NA,NA,NA,NA,NA,NA,2nd
2873,E2280,N,Shore,1933,1933,8,14.5,1933,NA,502.92,NA,NA,2nd
2877,E2763,N,Shore,1933,1933,9,NA,1933,NA,NA,NA,NA,2nd
2878,E2764,N,NK,1933,1933,9,NA,1933,NA,NA,NA,NA,2nd
2879,E2768,N,Shore,1933,1933,10,NA,1933,NA,NA,NA,NA,2nd
2882,E2769,N,Shore,1934,1934,3,NA,1934,NA,45.72,NA,NA,2nd
2883,E2770,Y,Shore,1934,1934,3,NA,1934,NA,NA,NA,NA,2nd
2884,E2771,N,Shore,1934,1934,3,8.25,1934,NA,91.44,NA,NA,2nd
2885,E2772,N,Shore,1934,1934,6,NA,1934,0,182.88,10,NA,1st
2886,E2773,N,Shore,1934,1934,6,NA,1934,0,45.72,NA,NA,2nd
2887,E2774,N,Shore,1934,1934,4,13,1934,NA,NA,NA,NA,2nd
2888,E2775,N,NK,1934,1934,3,12,1934,NA,NA,NA,NA,2nd
2889,E2776,N,Shore,1934,1934,3,NA,1934,0,228.6,1.5,NA,2nd
2890,E2777,N,Shore,1934,1934,5,NA,1934,0,91.44,20,NA,1st
2891,E2778,N,Shore,1934,1934,5,NA,1934,NA,NA,NA,NA,1st
2892,E2779,N,Shore,1934,1934,5,14,1934,10,NA,NA,NA,1st
2893,E2780,N,Shore,1934,1934,5,7.5,1934,NA,45.72,NA,NA,2nd
2894,E2781,N,NK,1933,1933,NA,NA,1934,NA,NA,NA,NA,2nd
2895,E2782,N,Shore,1934,1934,7,NA,1934,NA,NA,NA,NA,2nd
2896,E2783,N,Shore,1934,1934,7,9,1934,1,NA,5,NA,2nd
2897,E2784,Y,Shore,1934,1934,5,NA,1934,0,402.336,NA,NA,2nd
2898,E2785,N,Boat,1934,1934,7,NA,1934,NA,27.432,NA,NA,2nd
2900,E2786,N,Shore,1934,1934,8,15,1934,NA,NA,NA,NA,2nd
2901,E2787,Y,Shore,1934,1934,8,NA,1934,NA,NA,NA,NA,2nd
2902,E2788,N,Shore,1934,1934,8,18.5,1934,0,27.432,NA,NA,2nd
2903,E2789,N,Shore,1934,1934,8,20.25,1934,0,NA,NA,NA,2nd
2904,E2790,N,Shore,1934,1934,NA,NA,1934,NA,NA,NA,NA,2nd
2905,E2791,N,NK,1934,1934,7,NA,1934,NA,NA,NA,NA,2nd
2906,E2792,N,Shore,1934,1934,7,NA,1934,NA,NA,NA,NA,2nd
2907,E2793,N,Shore,1934,1934,6,NA,1934,0,NA,5.5,NA,1st
2909,E2795,N,NK,1934,1934,4,NA,1934,NA,NA,NA,NA,1st
2910,E2796,N,Shore,1934,1934,6,6,1934,0,NA,NA,NA,2nd
2911,E2797 ,Y,Shore,1934,1934,2,NA,1934,NA,NA,NA,NA,1st
2912,E2798,N,Shore,1934,1934,6,22,1934,0,13.716,15,NA,1st
2913,E2799,N,Shore,1934,1934,5,8.5,1934,0,365.76,15,NA,2nd
2914,E2800,N,NK,1935,1935,1,NA,1935,NA,NA,5,NA,2nd
2915,E2801,N,NK,1934,1934,7,11.25,1934,NA,NA,NA,NA,2nd
2916,E2802,N,Boat,1934,1934,7,11.5,1934,NA,365.76,NA,NA,2nd
2919,E2804,N,Shore,1934,1934,7,11.25,1934,NA,NA,NA,NA,1st
2920,E2805,N,Shore,1934,1934,7,21.5,1934,0,91.44,NA,NA,2nd
2922,E2806,N,Shore,1934,1934,8,6.83,1934,0,NA,NA,4.572,2nd
2923,E2807,N,Shore,1934,1934,8,18.25,1934,1,91.44,NA,NA,2nd
2924,E2809,N,Shore,1934,1934,8,10.5,1934,1,NA,2.5,NA,2nd
2925,E2553,N,Shore,c. 1962 or 1965 (Witchell) ,1962,NA,NA,1969,NA,NA,NA,NA,1st
2928,E2810,N,Shore,1934,1934,8,NA,1934,NA,NA,NA,NA,2nd
2929,E2811,N,Shore,1934,1934,8,4.5,1934,NA,NA,NA,NA,2nd
2932,E2293,N,Boat,1933,1933,10,8.5,1933,NA,137.16,NA,2.4384,1st
2933,E2813,N,Shore,1935,1935,4,14.5,1935,NA,182.88,20,NA,2nd
2934,E2814,N,Shore,1934,1934,12,NA,1934,NA,NA,15,NA,2nd
2935,E2815,N,Shore,1934,1934,10,NA,1934,NA,365.76,NA,NA,2nd
2936,E2816,N,Shore,1934,1934,11,11.5,1934,0,NA,2,NA,2nd
2937,E2817,N,Shore,1934,1934,11,NA,1934,1,NA,NA,NA,2nd
2938,E2818,N,Shore,1934,1934,10,15.67,1934,0,NA,30,NA,2nd
2939,E2819,N,Shore,1934,1934,10,NA,1934,NA,NA,10,NA,2nd
2940,E2820,N,Shore,1934,1934,9,7,1934,NA,NA,NA,NA,1st
2941,E2821,N,Shore,1934,1934,9,12,1934,NA,NA,NA,NA,2nd
2942,E2822,N,Shore,1934,1934,9,19.5,1934,NA,NA,NA,NA,1st
2943,E2823,N,NK,1934,1934,9,8.33,1934,NA,NA,60,NA,1st
2944,E2824,Y,NK,1934,1934,9,9.33,1934,NA,NA,NA,NA,2nd
2946,E2825,N,Shore,1933,1933,11,NA,1933,0,804.672,NA,NA,2nd
2949,E2826,N,Shore,1933,1933,12,NA,1933,NA,NA,NA,NA,2nd
2951,E2827,N,Shore,1934,1934,1,NA,1934,NA,NA,NA,NA,2nd
2952,E2828,Y,NK,1914,1914,7,NA,1934,0,27.432,NA,NA,1st
2953,E2829,N,Shore,1934,1934,1,NA,1934,0,NA,NA,NA,1st
2954,E2830,N,Shore,1933,1933,11,NA,1934,NA,NA,NA,NA,2nd
2955,E2831,N,NK,1934,1934,1,13,1934,4,NA,2,NA,1st
2956,E2832,N,NK,1933,1933,1,NA,1934,NA,NA,NA,NA,1st
2957,E2833,N,Shore,1933,1933,NA,8,1934,NA,NA,NA,NA,1st
2958,E2834,N,Boat,1934,1934,2,15,1934,4,457.2,NA,NA,2nd
2960,E2835,N,Shore,1934,1934,2,15,1934,NA,NA,NA,NA,2nd
2962,E2836,N,Shore,1934,1934,3,NA,1934,NA,45.72,NA,NA,2nd
2963,E2837,N,Shore,1934,1934,4,NA,1934,3,NA,20,NA,1st
2964,E2838,N,Shore,1934,1934,4,NA,1934,NA,NA,3,NA,1st
2966,E2839,N,Shore,1934,1934,5,NA,1934,NA,NA,NA,NA,2nd
2967,E2840 ,N,Shore,1934,1934,7,NA,1934,NA,NA,NA,NA,1st
2968,E2841,N,NK,1934,1934,7,10.5,1934,4,804.5,1.5,5.0292,2nd
2969,E2842,N,Shore,1934,1934,7,NA,1934,0,NA,20,NA,1st
2971,E2844,N,Shore,1934,1934,8,20.17,1934,NA,NA,50,NA,1st
2973,E2845,N,Shore,1934,1934,4,NA,1936,NA,45.72,NA,NA,1st
2974,E2846,N,Shore,1934,1934,8,11.75,1934,NA,NA,NA,NA,1st
2975,E2847,N,Shore,1934,1934,8,NA,1934,NA,NA,NA,NA,1st
2976,E2848,N,NK,1935,1935,4,NA,1934,NA,NA,NA,NA,2nd
2978,E2849,N,NK,1935,1935,5,7.25,1935,1,NA,NA,NA,2nd
2979,E2850,N,NK,1936,1936,3,NA,1936,NA,NA,NA,NA,1st
2980,E2851,N,Shore,1935,1935,6,NA,1935,NA,91.44,25,NA,1st
2981,E2852,N,Shore,1935,1935,6,NA,1935,0,NA,NA,NA,1st
2982,E2853,N,Shore,1955,1955,7,9,1955,NA,NA,15,NA,2nd
2983,E2854,N,Shore,1936,1936,6,NA,1936,NA,NA,4,NA,2nd
2984,E2855,N,NK,1936,1936,6,NA,1936,NA,NA,NA,NA,2nd
2985,E2856,N,NK,1936,1936,6,NA,1936,NA,NA,NA,NA,2nd
2986,E2857,N,NK,1936,1936,6,NA,1936,NA,1609.344,30,NA,2nd
5113,E2858,N,Shore,1936,1936,6,NA,1936,NA,1609.344,35,NA,1st
2989,E2859,N,NK,1935,1935,NA,NA,1936,NA,NA,NA,NA,2nd
2991,E2851.1,N,NK,1936,1936,3,NA,1936,0,NA,2,NA,2nd
3005,E2855.1,Y,Boat,1960,1960,7,16.67,1961,NA,137.16,NA,NA,2nd
3006,E2856.1,N,Shore,1937,1937,7,NA,1937,NA,274.32,5,NA,2nd
3008,E2857.1,N,NK,1960,1960,7,10,1960,2,NA,NA,NA,1st
3016,E2864,N,NK,1949,1949,4,NA,1949,NA,NA,NA,NA,1st
3017,E2865,N,Shore,1958?,1958,9,NA,1958,NA,182.88,5,NA,1st
3018,E2866,N,NK,1958?,1958,7,NA,1958,NA,NA,NA,18.288,1st
3019,E2867,Y,Aerial,1933,1933,5,NA,1933,NA,NA,NA,NA,1st
3020,E2868,N,NK,c. 1862,1862,NA,NA,NA,NA,NA,NA,NA,2nd
3021,E2869,Y,Shore,c. 1878,1878,NA,NA,NA,NA,18.288,NA,NA,2nd
3023,E2871,N,Shore,1880,1880,NA,NA,1938,NA,NA,NA,NA,2nd
3024,E2872,N,NK,Not later than 1904,1903,NA,NA,1934,NA,NA,NA,NA,2nd
3025,E2873,N,NK,1903-1907,1905,NA,NA,NA,NA,NA,NA,NA,2nd
3027,E2875,Y,Shore,1934,1934,6,NA,1934,NA,NA,NA,NA,1st
3028,E2876,N,NK,Before or in 1934,1934,NA,NA,1934,NA,NA,NA,NA,2nd
3031,E2879,N,Boat,Late 1930s,1937,NA,NA,1937,NA,NA,NA,NA,2nd
3032,E2880,Y,NK,1941,1941,NA,NA,1941,NA,NA,10,NA,1st
3033,E2881,N,NK,1947,1947,NA,NA,NA,NA,NA,NA,NA,2nd
3034,E2882,N,Shore,1954,1954,2,NA,1957,0,365.76,NA,NA,1st
4632,E2883,N,NK,1959,1959,3,NA,1960,0,NA,NA,NA,1st
3036,E2884,N,NK,1960,1960,NA,NA,NA,NA,1609.344,NA,NA,2nd
3037,E2885,Y,NK,1960,1960,6,NA,NA,NA,NA,NA,NA,2nd
3038,E2886,N,Shore,1961,1961,8,NA,NA,0,64.008,5,NA,1st
3039,E2887,N,Shore,1962,1962,5,NA,NA,0,146.304,NA,NA,2nd
3041,E2889,N,Boat,1962,1962,6,5.33,1962,NA,13.716,NA,NA,1st
3042,E2890,N,NK,1962,1962,NA,NA,1962,NA,15.24,NA,NA,2nd
3043,E2891,N,NK,1962,1962,NA,NA,1962,NA,NA,NA,NA,2nd
3044,E2892,N,NK,1962,1962,NA,NA,1962,NA,NA,NA,NA,2nd
3052,E2900,N,Shore,1945,1945,9,NA,1968,NA,NA,NA,NA,1st
3053,E2901,Y,Shore,1996,1996,8,NA,1999,NA,NA,NA,NA,2nd
3054,E2902,Y,NK,1997,1997,3,NA,1999,NA,NA,NA,NA,2nd
3084,E2927,N,Shore,1952,1952,NA,NA,1998,NA,NA,NA,NA,1st
3086,E2104,N,NK,1992,1992,5,NA,1998,NA,NA,0.166666667,NA,1st
3091,E2683.1,N,Shore,1994,1994,6,NA,1997,NA,NA,NA,NA,2nd
3092,E2684.1,N,NK,1972,1972,6,22.25,2007,NA,NA,NA,7.62,1st
3118,E2954,Y,Shore,1968,1968,9,NA,NA,NA,NA,NA,NA,2nd
3121,E2955,N,NK,1972,1972,11,13.47,1973,NA,9.144,2,12.192,1st
3122,E2956,Y,NK,1933,1933,4,NA,NA,NA,NA,1,NA,2nd
3123,E2957,Y,NK,1933,1933,5,NA,NA,NA,NA,1,NA,2nd
3125,E2958,N,NK,1960,1960,7,5.5,NA,NA,NA,NA,NA,2nd
3126,E2959,N,NK,1965,1965,9,7,NA,1,804.672,7.5,NA,2nd
3127,E2960,N,NK,1966,1966,5,14.5,1966,0,640.08,4,NA,2nd
3128,E2961,N,Shore,1966,1966,5,10.08,1966,0,603.504,10,NA,1st
3129,E2962,N,NK,1966,1966,5,11.25,NA,0,NA,NA,NA,2nd
3130,E2963,N,NK,1966,1966,6,9.75,1966,0,NA,NA,NA,2nd
3131,E2964,N,Shore,1966,1966,6,7.5,1966,0,804.672,3,NA,1st
3134,E2967,N,Shore,1966,1966,6,15.5,1966,0,1097.28,5,NA,1st
3135,E2968,N,Shore,1966,1966,7,22.33,1966,0,274.32,3,2.4384,1st
3136,E2969,N,Shore,1966,1966,7,21.18,1966,0,1810.512,6,NA,1st
3137,E2970,N,Shore,1966,1966,7,NA,1966,1,NA,NA,NA,1st
3138,E2971,N,Shore,1966,1966,7,15.75,1966,0,457.2,2.5,NA,1st
3139,E2972,N,Shore,1966,1966,8,10.5,1966,0,804.672,0.016666667,NA,2nd
3140,E2973,N,Shore,1966,1966,8,15.92,1966,0,45.72,15,0.1524,1st
3141,E2974,N,Shore,1966,1966,9,9.33,1966,2,NA,2,NA,1st
3142,E2975,N,NK,1966,1966,9,18,1966,0,402.336,NA,0.6096,1st
3143,E2976,N,Shore,1966,1966,9,13.5,1966,0,457.2,0.083333333,NA,1st
3144,E2977,N,NK,1966,1966,NA,NA,NA,0,114.3,NA,NA,2nd
3145,E2978,N,Shore,1967,1967,5,10.17,1967,1,4023.36,NA,NA,1st
3147,E2980,N,Boat,1967,1967,8,5.92,1967,0,4828.032,3.5,NA,1st
3148,E2981,N,Shore,1967,1967,8,18.75,1967,0,402.336,1.5,NA,1st
3149,E2982,N,Shore,1967,1967,8,12.08,1967,0,1609.344,0.029166667,2.4384,2nd
3150,E2983,N,Shore,1967,1967,9,15.75,1967,0,137.16,2,2.7432,1st
3151,E2984,N,Shore,1967,1967,9,15.17,1967,0,91.44,10,3.3528,1st
3152,E2985,N,Shore,1967,1967,9,15.03,1967,0,804.672,3,NA,1st
3153,E2986,N,Shore,1968,1968,4,17.5,1968,0,1834.65216,1,NA,1st
3154,E2987,N,Shore,1968,1968,5,21,1968,0,804.672,NA,NA,1st
3157,E2990,N,Shore,1968,1968,6,10,1968,1,NA,NA,NA,1st
3158,E2991,N,Shore,1968,1968,7,11.33,1968,NA,NA,7,NA,1st
3159,E2992,N,Shore,1968,1968,8,9.75,1968,0,1207.008,0.5,NA,1st
3161,E2994,N,Shore,1968,1968,7,10,1968,0,1609.344,7,NA,1st
3162,E2995,N,Shore,1968,1968,9,11.25,1968,0,1072.896,30,NA,1st
3163,E2996,N,Shore,1968,1968,9,15.5,1968,0,731.52,4,NA,1st
3164,E2997,N,NK,1968,1968,11,8.5,NA,NA,45.72,5,NA,2nd
3165,E2998,N,Shore,1969,1969,4,10.75,1969,0,2011.68,3,NA,1st
3166,E2999,N,Shore,1969,1969,7,15.53,1969,1,342.9,2.5,NA,1st
3167,E3000,N,Shore,1969,1969,8,20.5,1969,0,91.44,0.25,NA,1st
3168,E3001,N,Shore,1969,1969,8,9.33,1969,1,54.864,0.5,NA,1st
3173,E3003,N,NK,1975,1975,NA,NA,1977,NA,NA,NA,NA,2nd
3174,E3004,N,NK,1926,1926,NA,NA,1977,NA,NA,NA,NA,1st
3176,E3005,N,Shore,1936,1936,10,NA,1977,NA,457.2,NA,NA,2nd
3180,E3009,N,Boat,1976,1976,7,NA,1977,NA,182.88,NA,3.6576,2nd
3193,E3021,Y,NK,1930?,1930,NA,NA,1930,NA,NA,NA,NA,2nd
3194,E3022,N,NK,1938,1938,5,12.75,1938,3,NA,NA,NA,1st
3205,E3030,Y,NK,c. 1890,1890,NA,NA,NA,NA,NA,NA,NA,2nd
3206,E3031,Y,NK,1933,1933,NA,NA,1933,NA,NA,NA,NA,2nd
3207,E3032,Y,NK,1933?,1933,NA,NA,1933,NA,NA,NA,NA,2nd
3212,E3037,N,NK,Before or in 1972,1972,NA,NA,1973,NA,NA,NA,NA,2nd
3215,E3038,N,NK,1933,1933,10,NA,1933,NA,804.672,NA,NA,2nd
3216,E3039,N,NK,1933,1933,11,NA,1933,NA,NA,NA,NA,2nd
3217,E3040,N,Boat,1933,1933,9,NA,1933,NA,NA,NA,NA,2nd
3218,E3041 ,N,NK,1933,1933,NA,NA,1933,NA,NA,NA,NA,2nd
3219,E3042,N,Shore,1934,1934,1,NA,1934,10,NA,3,NA,2nd
3222,E3044 ,Y,NK,1933,1933,11,NA,1933,NA,NA,NA,NA,2nd
3223,E3045,N,Shore,1933,1933,11,NA,1933,NA,NA,NA,NA,2nd
3224,E3046,N,NK,1933,1933,12,NA,1933,NA,NA,NA,NA,2nd
3225,E3047,Y,Shore,1933,1933,12,NA,1933,0,NA,NA,NA,2nd
3226,E3048,Y,Shore,1933,1933,12,8.5,1933,0,NA,NA,NA,2nd
3227,E3049,N,Shore,1933,1933,12,NA,1933,NA,1609.344,NA,NA,2nd
3228,E3050,N,Shore,1938,1938,1,NA,1938,NA,NA,1.5,NA,2nd
3229,E3051,Y,NK,1938,1938,1,NA,1938,NA,NA,NA,7.62,2nd
3230,E3052,N,Shore,1938,1938,2,NA,1938,NA,NA,6,27.432,1st
3231,E3053,Y,Boat,1938,1938,2,NA,1938,NA,91.44,15,NA,1st
3232,E3054,Y,NK,1938,1938,2,NA,1938,NA,NA,NA,NA,2nd
3233,E3055,N,Shore,1938,1938,3,NA,1938,10,NA,NA,NA,2nd
3234,E3056,N,Shore,1938,1938,4,NA,1938,0,NA,5,NA,1st
3235,E3057,N,Shore,1938,1938,8,NA,1938,NA,NA,NA,NA,2nd
3237,E3059,Y,Shore,1874,1874,NA,NA,1938,NA,NA,NA,NA,2nd
3238,E3060,N,Shore,1938,1938,9,10,1938,NA,NA,NA,NA,2nd
3239,E3061,N,Shore,1938,1938,9,10,1938,NA,NA,NA,NA,1st
3240,E3062,N,Shore,1938,1938,9,NA,1938,NA,1126.5408,1,NA,2nd
3241,E3063,N,NK,1938,1938,9,NA,1938,NA,NA,NA,NA,2nd
3242,E3064,N,Shore,1939,1939,5,NA,1939,NA,9.144,10,NA,1st
3243,E3065,N,Shore,1939,1939,7,NA,1939,NA,NA,NA,NA,2nd
3245,E3067,N,Shore,1998,1998,NA,NA,1998,NA,NA,NA,NA,1st
3248,E3069,N,Boat,2006,2006,10,NA,2006,NA,NA,NA,NA,2nd
3249,E3070,N,Shore,2006,2006,10,NA,2006,NA,NA,NA,NA,2nd
3250,E3071,Y,NK,Before or in 2008,2007,NA,NA,NA,NA,NA,NA,NA,2nd
3251,E3072,N,Shore,1936,1936,6,17.5,2002,1,NA,NA,NA,1st
3252,E3073,N,Shore,1992,1992,NA,NA,1992,NA,NA,NA,NA,1st
3253,E3074,Y,Shore,c. 1967,1967,NA,NA,1992,NA,NA,12.5,NA,1st
3257,E3077,N,Shore,1939,1939,6,22,1939,NA,91.44,30,NA,2nd
3258,E3078,N,Shore,1934,1934,7,NA,1934,0,NA,NA,NA,2nd
3259,E3079,Y,NK,1934,1934,6,20.25,1934,0,NA,5,NA,2nd
3260,E3080,N,NK,1934,1934,6,NA,1934,NA,NA,5,NA,2nd
3262,E3081,N,NK,1934,1934,5,NA,1934,0,NA,NA,NA,2nd
3264,E3082,N,Shore,1934,1934,5,20.5,1934,NA,NA,NA,NA,2nd
3265,E3083,Y,Shore,1934,1934,4,NA,1934,NA,182.88,NA,NA,1st
3266,E3084,N,Shore,1934,1934,5,NA,1934,NA,NA,NA,NA,2nd
3268,E3086,N,NK,1934,1934,4,12,1934,NA,NA,10,NA,2nd
3271,E3088,N,Shore,1936,1936,6,NA,1936,NA,NA,7.5,NA,2nd
3272,E3089,N,Shore,1936,1936,4,NA,1936,NA,45.72,10,NA,2nd
3273,E3090,N,Shore,1936,1936,3,NA,1938,NA,137.16,5,NA,1st
3276,E3091,N,Shore,1935,1935,9,NA,1935,NA,NA,NA,NA,2nd
3277,E3092,N,Shore,1935,1935,9,NA,1935,NA,NA,4,NA,2nd
3278,E3093,N,Shore,1935,1935,8,19,1935,NA,NA,30,NA,1st
3279,E3094,N,Boat,1935,1935,8,10.66666667,1935,NA,NA,10,NA,2nd
3280,E3095,N,Shore,1935,1935,8,NA,1935,NA,NA,NA,NA,2nd
3281,E3096,N,NK,1935,1935,8,9.5,1935,NA,NA,NA,NA,2nd
3282,E3097,N,NK,1935,1935,7,NA,1935,NA,NA,20,NA,2nd
3283,E3098,N,Shore,1935,1935,7,20.75,1935,NA,274.32,NA,NA,1st
3284,E3099,N,Boat,1935,1935,7,NA,1935,NA,NA,5,NA,2nd
3286,E3100,N,NK,1935,1935,7,NA,1935,NA,NA,NA,NA,2nd
3287,E3101,N,NK,1935,1935,7,NA,1935,NA,NA,15,NA,2nd
3289,E3103,N,Shore,1935,1935,6,NA,1935,0,NA,NA,NA,2nd
3307,E3115,Y,NK,1963,1963,NA,NA,1964,NA,1609.344,NA,NA,2nd
3308,E3116,Y,NK,1963,1963,NA,NA,1964,NA,3504.8952,NA,NA,2nd
3309,E3117,N,NK,1938,1938,8,NA,1938,NA,NA,NA,NA,2nd
3310,E3118,N,Shore,1938,1938,6,NA,1938,NA,NA,NA,NA,1st
3312,E3119,N,Shore,1933,1933,12,NA,1933,NA,NA,NA,NA,2nd
3313,E3120,N,Boat,1914,1914,NA,NA,1933,NA,NA,NA,NA,2nd
3315,E3122,N,Shore,Some years before 1933,1930,NA,NA,1933,NA,NA,NA,NA,2nd
3316,E3041,N,Shore,1933,1933,11,NA,1933,NA,NA,NA,NA,2nd
3317,E3123,N,NK,1933,1933,10,NA,1933,NA,NA,20,NA,2nd
3318,E3124,Y,NK,1933,1933,6,NA,1933,NA,NA,20,NA,1st
3322,E3126,N,Boat,1931,1931,7,NA,1933,NA,NA,NA,NA,2nd
3325,E3128,N,NK,1933,1933,10,NA,1933,NA,NA,20,NA,2nd
3327,E3129,N,Boat,1933,1933,NA,NA,1933,NA,NA,NA,NA,1st
3329,E3131,N,Shore,Eighteen or twenty years before 1933,1914,NA,5,1933,NA,NA,NA,NA,2nd
3330,E3132,N,NK,1933,1933,11,NA,1933,0,NA,NA,NA,2nd
3331,E3133,N,Shore,1935,1935,6,17.75,1935,NA,91.44,NA,NA,2nd
3332,E3134,N,Shore,1935,1935,2,1.25,1935,0,36.576,5,NA,2nd
3333,E3135,N,NK,1934,1934,12,NA,1934,NA,365.76,20,NA,2nd
3334,E3136,N,NK,1934,1934,12,NA,1934,NA,NA,NA,NA,2nd
3336,E2663,N,Shore,1934,1934,6,6.5,1934,0,182.88,25,NA,2nd
3338,E3137,N,Shore,1934,1934,8,NA,1934,NA,NA,NA,NA,1st
3339,E3138,N,Shore,1934,1934,8,NA,1934,NA,NA,NA,NA,2nd
3340,E3139,N,NK,1934,1934,9,NA,1934,NA,NA,NA,NA,2nd
3341,E3140,N,Shore,1934,1934,9,13.83,1934,NA,91.44,NA,NA,2nd
3342,E3141,N,Shore,1934,1934,9,NA,1934,NA,NA,NA,NA,2nd
3343,E3142,N,Shore,1934,1934,8,15.5,1934,NA,7.62,NA,NA,1st
3347,E3143,N,Shore,1934,1934,7,21.75,1934,NA,27.432,NA,NA,1st
3353,E3144,N,Shore,1934,1934,7,12,1934,NA,NA,NA,NA,2nd
3354,E3145,N,Shore,1934,1934,7,NA,1934,NA,NA,60,NA,1st
3355,E3146,N,Shore,1934,1934,7,NA,1950,NA,NA,NA,NA,1st
3379,E3163,N,Shore,Before or in 1980,1980,NA,NA,1980,NA,NA,NA,2.4384,1st
3388,E2489,N,Boat,1970,1970,NA,NA,NA,NA,9.144,NA,2.4384,1st
3397,E3177,N,NK,1948,1948,7,NA,1948,0,NA,15,NA,1st
3399,E3179,N,NK,1949,1949,9,NA,1949,NA,731.52,NA,15.24,1st
3405,E3181,N,Shore,1939,1939,8,NA,1939,1,50.292,NA,NA,1st
3406,E3182,N,Boat,1939,1939,8,NA,1939,NA,228.6,NA,NA,2nd
3407,E3183,N,Boat,1941,1941,8,14,1941,1,NA,10,NA,1st
3408,E3184,N,Shore,1941,1941,8,21,1941,NA,NA,7,NA,1st
3409,E3185,N,Shore,1941,1941,8,NA,1941,NA,365.76,NA,NA,1st
3412,E3187,N,Shore,1939,1939,8,NA,1939,NA,27.432,30,NA,2nd
3413,E3188,N,Shore,1947,1947,5,NA,1947,0,NA,5,NA,2nd
3414,E3189,N,NK,Before or in 1966,1966,NA,0,1966,NA,13.716,NA,NA,2nd
3418,E3192,N,NK,1934,1934,1,NA,1934,NA,45.72,NA,NA,2nd
3460,E3214,N,Boat,2007,2007,3,NA,NA,NA,NA,NA,NA,2nd
3474,E3225,N,NK,1985,1985,NA,NA,NA,NA,NA,NA,NA,2nd
3476,E3327,N,NK,1984,1984,NA,NA,NA,NA,NA,NA,NA,2nd
3480,E3331,Y,NK,1880s,1885,NA,NA,1933,NA,NA,NA,NA,2nd
3481,E3332,N,NK,1896,1896,NA,NA,NA,NA,NA,NA,NA,2nd
3482,E3333,N,Shore,c.1924,1924,NA,NA,1964,NA,NA,NA,NA,2nd
3483,E3334,Y,Shore,1927,1927,NA,NA,1930,NA,NA,NA,NA,1st
3484,E3335,N,NK,1927,1927,NA,NA,1935,NA,NA,NA,NA,2nd
3485,E3336,N,NK,1931,1931,NA,NA,1948,NA,NA,NA,NA,2nd
3487,E3338,Y,NK,1933,1933,4,NA,NA,NA,NA,NA,NA,2nd
3488,E3339,N,NK,1933,1933,6,NA,1933,NA,NA,NA,NA,2nd
3489,E3340,N,NK,1933,1933,6,NA,1933,NA,NA,NA,NA,2nd
3490,E3341,Y,NK,1933,1933,7,NA,1933,NA,804.672,NA,NA,2nd
3491,E3342,N,NK,1933,1933,7,NA,1936,NA,NA,NA,NA,2nd
3499,E3350,N,NK,1984,1984,6,NA,NA,NA,NA,NA,NA,2nd
3500,E3351,N,NK,1983,1983,11,NA,1983,NA,NA,NA,NA,2nd
3501,E3352,N,NK,1983,1983,11,NA,1983,NA,NA,NA,NA,2nd
3502,E3353,N,NK,1983,1983,10,NA,1983,NA,NA,NA,NA,2nd
3503,E3354,N,Shore,1983,1983,8,18.5,1984,NA,NA,NA,NA,2nd
3505,E3356,N,NK,1983,1983,8,NA,1983,NA,NA,NA,NA,2nd
3506,E3357,N,NK,1983,1983,8,NA,1983,NA,NA,NA,NA,2nd
3507,E3358 ,N,NK,1983,1983,8,NA,1983,NA,NA,NA,NA,2nd
3508,E3359,N,Boat,1983,1983,8,NA,1983,NA,0.2286,1.5,NA,2nd
3509,E3360,N,NK,1983,1983,7,NA,1983,NA,NA,NA,NA,2nd
3510,E3361,Y,Shore,1983,1983,7,NA,1984,NA,NA,NA,NA,2nd
3511,E3362,N,NK,1983,1983,7,NA,1983,NA,NA,NA,NA,2nd
3512,E3363,N,Shore,1983,1983,6,NA,1983,0,NA,10,6.096,1st
3514,E3364,N,Shore,1972,1972,7,7.25,1972,1,548.64,0.17,1.0668,1st
3518,E3368,N,Shore,If May 16th was a Sunday must have been 1965,1965,5,17,1969,0,NA,NA,NA,1st
3519,E3369,N,Shore,1963,1963,8,NA,1963,1,0.402336,20,NA,1st
3521,E3370,N,Shore,1971,1971,10,14.5,1971,0,670.56,3,NA,1st
3524,E3372,N,Shore,1971,1971,6,22.5,1971,1,402.336,65,NA,1st
3528,E3373,N,Shore,1971,1971,6,9.75,1971,1,7242.048,15,NA,1st
3530,E3375,N,Shore,1970,1970,7,22.58,1970,0,1207.008,10,NA,1st
3531,E3376,N,Shore,1970,1970,8,NA,1970,0,16.002,4.5,NA,1st
3532,E3377,N,Boat,1967,1967,8,20.5,1967,NA,12.192,0.166666667,NA,1st
3533,E3378,N,Shore,1967?,1967,8,NA,1967,1,804.672,0.25,NA,1st
3534,E3379,N,Shore,1967,1967,8,22,1967,0,0.3429,40,NA,1st
3536,E3381,N,Shore,1967,1967,7,14,1967,2,402.336,2,NA,1st
3538,E3382,N,Shore,1972,1972,9,10.92,1972,0,NA,NA,NA,1st
3541,E3383,N,Shore,1972,1972,6,17.75,1972,0,NA,4,NA,1st
3542,E3384,N,Shore,1972,1972,5,13,1972,0,804.672,0.033333333,NA,1st
3543,E3385,N,Shore,1972,1972,5,13.25,1972,0,50.292,0.5,NA,1st
3544,E3386,N,Shore,1972,1972,5,19,1972,0,2414.016,5,NA,1st
3545,E3387,N,Shore,1972,1972,7,13,1972,0,182.88,2,NA,1st
3547,E3388,N,Shore,1972,1972,7,16.25,1972,0,1126.5408,2.5,0.762,1st
3548,E3389,N,Shore,1972,1972,5,11.75,1972,1,804.672,5,NA,1st
3549,E3390,N,NK,1972,1972,8,10.17,1972,0,100,0.008333333,1.5,1st
3551,E3391,N,Shore,1972,1972,7,21.75,1972,1,1005.84,60,NA,1st
3553,E3392,N,Shore,1972,1972,7,NA,1972,0,1207.008,2.5,NA,1st
3554,E3393,N,NK,1972?,1972,NA,NA,1972,NA,16.002,NA,NA,1st
3555,E3394,N,Shore,1972,1972,8,19.25,1972,1,804.667,5,NA,1st
3556,E3395,N,Shore,1972,1972,8,19.25,1972,1,804.667,3,NA,1st
3557,E3396,N,Shore,1972,1972,8,2.17,1972,0,3.048,3.5,NA,1st
3558,E3397,N,Shore,1972,1972,8,2.25,1972,0,3.048,4,NA,1st
3560.1,E3421,N,Shore,1961,1961,7,14,1962,1,NA,0.25,0.9144,1st
3846,E2565.1,N,Shore,1962,1962,10,NA,1962,1,548.64,20,NA,1st
3567,E2651.5,N,Shore,1934,1934,NA,NA,1934,NA,27.432,NA,8.382,2nd
3568,E2564,N,Shore,1962,1962,10,20,NA,NA,NA,NA,1.2192,1st
3569.1,E3422,N,Shore,1962,1962,10,1.83,NA,NA,NA,NA,4.572,1st
3570,E3401,N,Shore,1937,1937,7,NA,1937,NA,274.32,5,NA,1st
3833,E2899,N,Shore,1962,1962,10,15.67,NA,NA,868.68,NA,3.81,1st
3571,E3423,N,Shore,1963?,1963,6,20.87,1963,1,1609.344,1,NA,1st
3572,E3424,N,Shore,1963,1963,6,14.03,1963,0,804.672,8,NA,1st
3574.1,E2613,N,Shore,Says 1964 but in 1963 file,1964,8,8.25,1964,0,91.44,17.5,NA,1st
3595,E3436,N,Shore,1963,1963,6,NA,1963,1,1609.344,0.17,NA,1st
3580,E3440,N,NK,1963,1963,6,22.67,1962,1,16.002,NA,2.286,1st
3583.1,E3442,N,NK,1962,1962,6,11.17,1962,1,804.672,17.5,NA,1st
3586,E3444,N,Shore,1962,1962,6,13.5,1962,0,804.672,5,NA,1st
3588,E3446,N,Shore,1963,1963,5,NA,1963,4,731.52,1.5,NA,1st
3589,E3420,N,Shore,1961,1961,8,NA,1961,0,91.44,6,9.144,2nd
3589,E3447,N,Shore,1963,1963,6,NA,1963,NA,4023.36,13,NA,1st
3594,E3451,N,Shore,1963,1963,6,8.17,1963,2,160.02,0.083333333,NA,1st
3602,E3458,N,Shore,1963,1963,6,22.25,1963,1,109.728,0.5,NA,1st
3605,E3460,N,Shore,1963,1963,6,6.5,1963,1,13.716,0.033333333,NA,1st
3606,E3462,N,Shore,1963,1963,6,0.28,1963,2,3218.688,20,NA,1st
3615,E3471,N,Shore,1963,1963,6,10.83,1963,0,640.08,35,NA,1st
3621,E3477,N,Shore,1963,1963,6,17.25,1963,0,2414.016,20,NA,1st
3625,E3481,N,NK,2010,2010,NA,15,NA,0,NA,NA,NA,2nd
3626,E3482,N,Shore,1973,1973,7,11,1974,0,91.44,NA,NA,2nd
3627,E3483,N,Shore,1974,1974,2,15,1974,0,NA,15,NA,1st
3629,E3485,Y,Shore,1974,1974,4,NA,1974,NA,NA,NA,NA,2nd
3630,E3486,N,NK,1974,1974,NA,NA,1974,NA,NA,NA,NA,2nd
3631,E3487,N,NK,1973,1973,5,NA,1974,NA,NA,NA,NA,2nd
3632,E3488,N,Shore,1974,1974,6,NA,1974,NA,NA,NA,NA,2nd
3633,E3489,Y,Shore,1974,1974,7,NA,1974,NA,NA,NA,NA,2nd
3634,E3490,N,Boat,1974,1974,6,15.5,1974,0,365.76,NA,NA,1st
3635,E3491,N,Shore,1959,1959,6,0,1974,NA,5.334,0.091666667,NA,1st
3636,E3492,N,NK,1974,1974,11,NA,1974,0,114.3,3,1.524,2nd
3645,E3496,N,NK,1964,1964,6,10.66666667,1964,1,1609.344,3,NA,1st
3646,E3497,N,Shore,1963,1963,8,NA,1963,0,1609.344,4.5,3.048,1st
3649,E3499,Y,Shore,1963,1963,6,11,1965,0,365.76,45,NA,2nd
3651,E3500,N,Shore,1965,1965,6,15.83,1965,1,182.88,2.5,NA,1st
3653,E3501,N,Shore,1965,1965,4,10.5,1965,2,8449.056,4,NA,1st
3654,E3502,N,Shore,1965,1965,5,14.58,1965,3,411.48,3.5,NA,1st
3655,E3503,N,NK,1956,1956,NA,NA,1965,3,NA,NA,NA,1st
3658,E3506,N,NK,1963,1963,8,10,NA,0,NA,NA,NA,1st
3659,E3507,N,Shore,1965,1965,7,12.25,1965,0,22.86,3,NA,1st
3661,E3508,N,Shore,1965,1965,8,8.25,1965,0,804.672,10,NA,1st
3663,E3509,N,Shore,1965,1965,8,14.33,1965,NA,804.672,5.5,NA,1st
3669,E3511,N,Shore,1965,1965,9,15.75,1965,1,804.672,0.333333333,NA,1st
3670,E3512,N,Shore,1965,1965,9,11.33,1965,1,804.672,0.5,NA,1st
3671,E3516,N,Shore,1965,1965,3,12,1965,0,NA,0.5,4.2672,1st
3672,E3517,N,Shore,1966,1966,3,15.25,1966,8,1609.344,2,NA,1st
3674,E3518,N,Shore,1966,1966,5,NA,1966,0,45.72,2,NA,1st
3676,E3519,N,Shore,1966,1966,6,7.83,1966,0,160.02,3.5,NA,1st
3677,E3520,N,Shore,c. 1966,1966,NA,8,1966,0,1609.344,17.5,NA,1st
3678,E3521,N,Shore,1966,1966,6,22.5,1966,0,91.44,0.083333333,NA,1st
3682,E3522,N,Shore,1966,1966,7,11.42,1966,0,536.4446667,5,NA,1st
3693,E3522.1,N,Shore,1966,1966,8,23.25,1966,NA,45.72,30,NA,1st
3699,E3523,N,Shore,1966,1966,9,10.17,1966,0,NA,4,NA,1st
3700,E3524,N,Shore,1966,1966,9,11.75,1966,0,1609.377,15,NA,1st
3704,E3525,N,Shore,1966,1966,9,17.17,1966,1,804.672,2,NA,1st
3705,E3526,N,Shore,1966,1966,9,23.08,1966,1,402.336,3.5,NA,1st
3706,E3527,N,Shore,1966,1966,10,NA,1966,0,137.16,0.25,NA,1st
3709,E3529,N,Shore,1966,1966,12,14.5,1966,1,21.336,0.833333333,NA,1st
3710,E3530,Y,NK,1966,1966,6,NA,1966,NA,NA,NA,NA,2nd
3726,E3523.1,N,Shore,1967,1967,8,NA,1967,0,1609.344,0.5,7.62,1st
3727,E3524.1,N,Shore,1967,1967,8,12.58,1967,0,388.62,4,NA,1st
3732,E3525.1,N,Shore,1967,1967,8,8,1967,1,804.672,10,NA,1st
3733,E3535,N,Shore,1967,1967,8,8,1967,1,804.672,10,NA,1st
3734,E3536,N,NK,1967,1967,8,14.83,1967,0,777.24,10,NA,1st
3737,E3537,N,Boat,1967,1967,8,8.33,1967,1,9.144,15,NA,1st
3743,E3538,N,Shore,1967,1967,8,10.93,1967,1,NA,0.5,NA,1st
3744,E3539,N,Shore,1967,1967,8,8.25,1967,1,804.672,31,NA,1st
3746,E3540,N,Shore,1967,1967,6,17,1967,0,2414.016,NA,NA,1st
3751,E3541,N,Shore,1967,1967,4,19.25,1967,NA,182.88,1.5,NA,2nd
3754,E3542,N,Shore,1968,1968,7,22.33,1968,0,1207.008,0.5,NA,1st
3759,E3543,N,Shore,1968,1968,7,13.92,1968,0,1609.344,25,NA,1st
3766,E3544,N,Shore,1968,1968,8,7,1968,1,91.44,20,NA,1st
3767,E3388.1,N,Shore,1968,1968,5,21.5,1968,0,603.504,11,NA,1st
3768,E3545,N,Shore,1968,1968,8,12.5,1968,0,914.4,10,NA,1st
3773,E3546,N,Shore,1969,1969,8,13.42,1969,NA,1609.344,0.75,1.8288,1st
3776,E3547,N,Shore,1969,1969,6,15.53,1969,0,NA,1.5,NA,1st
3784,E3548,N,Shore,1969,1969,8,NA,1969,0,1005.84,3,NA,1st
3787,E3549,N,Shore,1969,1969,10,9.25,1969,0,402.336,25,NA,1st
3789,E3550,N,Boat,1970,1970,7,23.75,1970,2,34.29,5,NA,1st
3792,E3551,N,Shore,1971,1971,7,16.25,1971,0,365.76,45,NA,1st
3794,E3552,N,Shore,1971,1971,5,19,1971,1,NA,25,NA,1st
3797,E3553,N,Shore,1971,1971,6,14.5,1971,3,2816.352,12.5,NA,1st
3799,E3392.1,N,Shore,1971,1971,8,NA,1971,0,1609.344,0.583333333,NA,1st
3801,E3393.1,N,Shore,1971,1971,8,19.5,1971,2,365.76,0.05,NA,1st
3803,E3554,N,Shore,1972,1972,8,1.08,1972,NA,205.74,2.5,NA,1st
3810,E195.2,N,Shore,1960,1960,NA,9,NA,NA,NA,NA,NA,1st
3816,E3557,N,NK,1974,1974,7,5.42,NA,NA,1207.008,0.091666667,NA,1st
3817,E3558,N,Shore,1974,1974,1,NA,NA,NA,NA,NA,NA,1st
3850,E3573,N,Shore,1934,1934,7,9.25,1934,0,NA,NA,NA,1st
3854,E3575,N,Shore,1971,1971,4,17,1971,3,1609.344,1.5,NA,2nd
3855,E3576,N,Shore,1971,1971,4,20.08,1971,NA,1207.008,2.5,NA,2nd
3856,E3577,N,Shore,1971,1971,5,20.5,1971,NA,NA,NA,NA,2nd
3857,E3578,N,Shore,1971,1971,5,11,1971,NA,32.004,NA,NA,2nd
3858,E3579,N,Shore,1971,1971,6,18.5,1971,NA,182.88,NA,NA,2nd
3860,E3580,N,Shore,1971,1971,6,11.5,1971,0,NA,3,NA,1st
3863,E3582,N,Shore,1971,1971,6,7.75,1971,0,1207.008,0.083333333,NA,1st
3864,E3583,N,Boat,1971,1971,6,20.25,1971,NA,365.76,2.5,NA,1st
3867,E3584,N,Shore,1971,1971,7,NA,1971,0,NA,7.5,NA,1st
3868,E3585,N,Shore,1971,1971,7,15,1971,NA,137.16,NA,NA,1st
3869,E3586,N,Shore,1971,1971,7,NA,1971,NA,7.62,NA,NA,2nd
3870,E3587.1,N,Shore,1971,1971,7,NA,1971,0,57.15,5,NA,1st
3872,E3586.1,N,Shore,1970,1970,1,NA,1971,NA,30.48,NA,NA,1st
3873,E3587,N,Shore,1970,1970,6,11.42,1970,0,41.148,5,NA,2nd
3874,E3588,N,Shore,1970?,1970,6,22.5,NA,0,1207.008,NA,NA,2nd
3877,E3590,N,Shore,1972,1972,9,17.5,1972,1,NA,10,NA,1st
3878,E3591,N,Shore,1972,1972,9,11.5,1972,0,2414.016,30,NA,1st
3879,E3592,N,Shore,1972,1972,9,20.83,1972,1,457.2,5,NA,1st
3880,E3593,N,Shore,1972,1972,10,0.75,1972,NA,NA,NA,NA,2nd
3881,E3594,N,Shore,1972,1972,6,15.33,1972,NA,NA,NA,NA,2nd
3884,E3597,N,Shore,1972,1972,7,14.5,1972,NA,73.152,NA,NA,2nd
3885,E3598,N,Shore,1972,1972,8,14.5,1972,NA,NA,NA,NA,2nd
3887,E3600,N,Aerial,1972,1972,6,15.42,1972,1,106.68,NA,NA,2nd
3889,E3602,N,Shore,1972,1972,6,15,1972,NA,NA,NA,NA,2nd
3891,E3603,N,Shore,1970,1970,5,8.5,1971,0,804.672,5,NA,1st
3892,E3604,N,Shore,1970,1970,7,21.95,1971,0,13.716,4,NA,1st
3893,E3605,N,Shore,1970,1970,7,18,1971,3,536.448,10,NA,1st
3894,E3606,N,Shore,1970,1970,8,19,1971,0,1609.344,NA,NA,1st
3895,E3607,N,Shore,1970,1970,8,15.83,1971,NA,914.4,10,NA,1st
3896,E3608,N,Shore,1970,1970,8,8.5,1971,NA,1005.84,10,NA,1st
3897,E3609,N,Boat,1970,1970,8,12.93,1971,2,NA,0.583333333,NA,1st
3898,E3610,N,Shore,1971,1971,9,17.33,1971,0,804.672,20,NA,1st
3899,E3611,N,Shore,1971,1971,6,19.17,1971,2,27.432,NA,NA,1st
3900,E3612,N,Shore,1971,1971,7,15.17,1971,NA,137.16,0.083333333,NA,1st
3901,E3613,N,Shore,1971,1971,8,18.42,1971,0,NA,4.5,0.9144,1st
3902,E3614,N,Shore,1972,1972,5,4.83,1972,0,274.32,0.125,3.3528,1st
3904,E3616,N,Shore,1972,1972,8,5.18,1972,1,1072.896,0.125,NA,1st
3908,E2685,N,Shore,1975,1975,7,7.33,1975,NA,3218.688,NA,6.096,1st
3909,E3006,N,Shore,1975,1975,7,10.2,1975,NA,3621.024,28,NA,1st
3910,E3007,N,Shore,1975,1975,7,21.42,1975,NA,NA,NA,NA,1st
3911,E3008,N,Shore,1975,1975,7,22.42,1975,NA,1609.344,NA,NA,1st
3928,E3617,N,Shore,1969,1969,5,14,1969,0,1609.344,5,NA,1st
3929,E3618,N,Shore,1969,1969,6,NA,1969,0,91.44,1.75,NA,1st
3932,E3621,N,Shore,1969,1969,8,18.83,1969,1,1005.84,0.833333333,3.048,1st
3933,E3622,N,Shore,1969,1969,8,10.25,1969,0,205.74,0.25,NA,2nd
3936,E3624,N,Shore,1969,1969,1,NA,1969,NA,1609.344,1,5.1816,1st
3941,E3629,N,Shore,1975,1975,7,13,1975,0,NA,1,NA,2nd
3942,E3630,Y,Shore,1975,1975,8,NA,1975,NA,NA,NA,NA,2nd
3943,E3631,N,Shore,1975,1975,10,18.5,1975,NA,NA,2.5,NA,2nd
3953,E3641,N,Shore,1976,1976,8,10.75,1976,NA,NA,0.25,NA,1st
3954,E3642,N,Shore,1976,1976,8,NA,1976,NA,NA,NA,NA,2nd
3955,E3643,N,Shore,1976,1976,10,NA,1976,NA,NA,NA,NA,2nd
3956,E3644,N,Shore,1963,1963,NA,12.33,1976,NA,1207.008,NA,NA,2nd
3958,E3646,N,Shore,1976,1976,8,NA,1976,NA,NA,NA,NA,2nd
3959,E3647,N,Shore,1976,1976,8,NA,1976,NA,NA,NA,NA,1st
3960,E3648,N,Shore,1976,1976,9,13.25,1977,1,365.76,NA,1.8288,2nd
3961,E3649,N,Shore,1977,1977,4,NA,1977,NA,NA,NA,NA,2nd
3967,E3654,N,Shore,1977,1977,10,NA,1977,NA,NA,15,NA,2nd
3969,E3656,N,NK,1978,1978,1,NA,1978,NA,NA,NA,NA,2nd
3970,E3657,N,Boat,1978,1978,5,19.5,1978,NA,NA,NA,NA,2nd
3971,E3658,N,Shore,1978,1978,6,3,NA,NA,27.432,NA,NA,1st
3973,E3659,N,NK,In or before 1916,1916,NA,NA,1916,NA,NA,NA,NA,2nd
3974,E3660,N,Shore,1978,1978,7,19.5,1978,5,NA,NA,NA,2nd
3981,E3666,N,Shore,1977,1977,9,NA,1979,NA,100.584,NA,NA,2nd
3982,E3667,N,Boat,1979,1979,7,14.42,1979,NA,804.672,2,2.1336,1st
3983,E3668,N,Shore,1979,1979,8,16,1979,NA,NA,NA,NA,2nd
3984,E3669,N,Shore,1979,1979,8,21.5,1979,NA,NA,NA,4.572,2nd
3985,E3670,N,Boat,1979,1979,9,22.75,1979,0,15.24,1,NA,2nd
3986,E3671,Y,Boat,1979,1979,9,NA,1979,5,54.864,NA,NA,2nd
3987,E3672,N,Boat,1979,1979,9,NA,1979,5,45.72,NA,NA,2nd
3998,E3683,N,Shore,1980,1980,12,NA,1980,NA,NA,NA,NA,1st
4004,E3689,N,Boat,1981,1981,NA,NA,1982,5,NA,NA,NA,2nd
4005,E3690,Y,NK,1981,1981,NA,NA,1982,NA,NA,NA,NA,2nd
4007,E3692,Y,NK,1981,1981,9,NA,1982,0,160.02,NA,NA,2nd
4008,E3693,Y,NK,1982,1982,1,14,1982,NA,NA,NA,NA,2nd
4009,E3694,Y,Shore,1982,1982,2,NA,1982,NA,45.72,NA,NA,2nd
4010,E3695,Y,NK,1982,1982,4,NA,1982,NA,NA,NA,NA,2nd
4011,E3696,Y,NK,1982,1982,5,NA,1982,NA,NA,NA,NA,2nd
4012,E3697,Y,NK,1982,1982,5,NA,1982,NA,NA,NA,NA,2nd
4013,E3698,Y,Shore,1982,1982,5,NA,1982,NA,1207.008,5,NA,2nd
4014,E3699,N,Shore,1979,1979,NA,NA,1982,NA,NA,NA,NA,2nd
4015,E3700,Y,Shore,1982,1982,8,NA,1982,NA,NA,NA,NA,2nd
4016,E3701,N,Shore,1982,1982,7,9,1982,0,182.88,0.116666667,NA,2nd
4017,E3702,Y,NK,LongBefore 1983,1983,NA,NA,1983,NA,NA,NA,NA,2nd
4019,E3704,N,Shore,1983,1983,4,NA,1983,NA,NA,NA,NA,2nd
4020,E3705 ,N,NK,1983,1983,6,NA,1983,0,182.88,NA,6.096,2nd
4025,E3707,N,Boat,1981,1981,8,NA,1984,NA,NA,NA,NA,1st
4026,E3708,N,NK,1936 or 1937,1936,6,NA,1984,NA,804.672,3.5,NA,2nd
4030,E3712,N,Shore,1985,1985,7,NA,1985,NA,NA,NA,NA,2nd
4031,E3713,Y,NK,1985,1985,6,NA,1985,NA,228.6,NA,NA,2nd
4032,E3714,N,Shore,1985,1985,7,NA,1985,4,NA,NA,3.81,2nd
4034,E4211,N,Shore,1985,1985,9,NA,1991,NA,NA,NA,NA,1st
4035,E3717,N,Shore,1985,1985,7,11.5,1986,NA,182.88,2,NA,2nd
4036,E3718,N,Shore,1981,1981,2,NA,1985,NA,1609.344,NA,NA,1st
4037,E3719,N,Boat,Between 1981 and 1986 inclusive,1983,NA,NA,1986,NA,NA,NA,NA,2nd
4038,E3720,N,Shore,1986,1986,6,NA,1986,NA,NA,NA,NA,2nd
4747,E3721,N,Shore,1986,1986,11,NA,1986,0,NA,5,NA,1st
4040,E3722,N,Shore,1986,1986,11,NA,1986,0,45.72,NA,NA,1st
4041,E3723,N,Shore,1986,1986,10,NA,1986,1,NA,5,NA,2nd
4042,E3724,N,NK,1983,1983,9,NA,NA,NA,NA,NA,NA,2nd
4043,E3725,N,Shore,1987,1987,3,15.92,1987,3,NA,NA,NA,2nd
4044,E3726,N,NK,1987,1987,7,16.67,1987,NA,NA,NA,NA,2nd
4045,E3727,N,Shore,1987,1987,9,15.83,1988,NA,NA,2,NA,2nd
4046,E3728,N,Shore,1987,1987,8,14.78,1988,NA,NA,1,NA,1st
4047,E3729,N,Shore,1987,1987,8,NA,1988,0,NA,NA,NA,1st
4048,E3730,Y,Shore,1982,1982,11,16.75,NA,2,225,NA,NA,2nd
4053,E3734,N,Shore,1988,1988,1,NA,1988,0,NA,NA,NA,1st
4054,E3735,N,Shore,1988,1988,5,NA,1988,NA,NA,NA,NA,1st
4055,E3736,N,Shore,1988,1988,10,10.75,1988,0,NA,NA,NA,1st
4056,E3737,Y,Boat,1988,1988,8,NA,1988,NA,NA,NA,NA,2nd
4057,E3738,Y,Shore,1988,1988,8,NA,1988,NA,NA,NA,NA,2nd
4058,E3739,Y,NK,1988,1988,8,NA,1988,NA,NA,NA,NA,2nd
4060,E3741,N,Shore,1988,1988,12,NA,1989,NA,NA,NA,NA,2nd
4064,E3745,N,Shore,1988,1988,5,NA,1989,NA,NA,NA,NA,2nd
4065,E3746,N,Shore,1988,1988,5,6.5,1989,NA,NA,0.033333333,NA,2nd
4066,E3747,N,Shore,1989,1989,6,4.75,1989,3,300,1.5,NA,1st
4721,E3748,N,Boat,1990,1990,4,NA,1990,NA,NA,NA,NA,1st
4068,E3749,Y,Shore,1990,1990,4,NA,1990,NA,NA,NA,NA,2nd
4076,E3757,N,Shore,1991?,1991,6,15.47,1992,NA,NA,NA,NA,1st
4077,E3758,N,Shore,1990,1990,10,NA,1992,1,228.6,1.5,1.524,2nd
4078,E3759,N,Boat,1991,1911,9,NA,1992,NA,NA,NA,NA,2nd
4079,E3760,Y,Shore,1992,1992,8,6.75,1992,NA,36.576,NA,NA,2nd
4080,E3761,N,Shore,1992,1992,9,NA,1992,NA,NA,NA,NA,2nd
4082,E3762,Y,NK,1992,1992,9,NA,1993,NA,NA,NA,NA,2nd
4083,E3763,N,Shore,1992,1992,9,NA,1993,0,NA,NA,NA,2nd
4084,E3764,N,Shore,1988,1988,7,NA,1993,NA,NA,NA,NA,2nd
4085,E3765,N,Shore,1969,1969,5,NA,1993,NA,NA,NA,NA,2nd
4086,E3766,N,Shore,1969,1969,5,NA,1993,NA,NA,NA,NA,2nd
4087,E3767,Y,Shore,1980,1980,NA,8,1993,NA,182.88,0.5,NA,2nd
4088,E3768,N,Boat,1992,1992,9,10.5,1993,0,3.6576,NA,NA,1st
4091,E3771,N,Shore,1993,1993,6,20.25,1994,NA,400,0.333333333,NA,2nd
4092,E3772,N,NK,1993,1993,NA,NA,1994,NA,NA,NA,NA,2nd
4093,E3773,N,Shore,1993,1993,8,NA,NA,NA,228.6,10,2.7432,1st
4094,E3774,N,Shore,1993,1993,5,18.5,1994,0,NA,1,NA,2nd
4095,E3775,N,Shore,1992,1992,9,12.25,1994,NA,NA,NA,NA,2nd
4096,E3776,N,Shore,1993,1993,NA,NA,1994,NA,NA,NA,NA,2nd
4097,E3777,N,Shore,1994?,1994,NA,NA,1994,NA,NA,NA,NA,2nd
4100,E3780,N,NK,1994?,1994,NA,NA,1994,NA,NA,NA,NA,2nd
4101,E3781,N,Shore,1969,1969,NA,NA,NA,NA,NA,NA,NA,2nd
4103,E3783,N,Shore,1996,1996,3,8.25,1996,NA,NA,NA,NA,2nd
4104,E3784,N,Shore,1996,1996,3,8.67,1996,NA,NA,NA,NA,2nd
4105,E3785,Y,Shore,1994,1994,5,8.5,1996,NA,200,1,NA,2nd
4550,E3786,N,NK,1996,1996,3,NA,2014,NA,402.336,NA,3.3528,1st
4107,E3787,N,Shore,1996,1996,3,NA,1996,1,NA,NA,NA,1st
4108,E3788,N,Shore,1996,1996,4,NA,1996,NA,NA,NA,NA,2nd
4110,E3789,N,Shore,1996,1996,5,NA,1996,NA,200,NA,NA,2nd
4111,E3790,N,NK,1995,1995,NA,NA,1996,NA,NA,NA,NA,2nd
4112,E3791,N,Shore,1996,1996,8,NA,1996,NA,NA,NA,NA,2nd
4113,E3792,N,Shore,1996?,1996,NA,NA,1996,NA,NA,NA,6.096,2nd
4115,E3794,N,Shore,1996,1996,NA,NA,1997,NA,804.672,6.5,1.2192,1st
4116,E3795,Y,Shore,1997,1997,6,NA,1997,NA,NA,NA,NA,2nd
4117,E3796,Y,Shore,1997,1997,2,NA,1997,8,NA,NA,NA,2nd
4118,E3797,Y,NK,1997,1997,3,NA,1997,NA,NA,NA,NA,2nd
4119,E3798,Y,NK,1997,1997,4,NA,1997,NA,NA,NA,NA,2nd
4120,E3799,Y,NK,1997,1997,3,NA,1997,NA,NA,NA,NA,2nd
4121,E3800,N,Shore,1997,1997,3,11.5,1997,NA,NA,NA,NA,2nd
4126,E3805,N,Shore,1997,1997,10,9.67,1997,0,137.16,NA,NA,2nd
4127,E3806,N,Shore,1998,1998,6,5.25,1998,NA,804.672,45,NA,2nd
4128,E3807,N,Boat,1998,1998,6,20.5,1998,NA,137.16,NA,NA,1st
4129,E3808,N,Boat,1999,1999,7,NA,1999,NA,NA,NA,NA,2nd
4130,E3809,Y,NK,1999,1999,2,20.5,1999,NA,NA,NA,NA,2nd
4131,E3810,Y,NK,1999,1999,5,9,1999,NA,NA,2,NA,2nd
4132,E3811,N,Shore,1998,1998,12,NA,1999,0,4023.36,0.208333333,NA,2nd
4133,E3812,N,Shore,2000,2000,1,NA,2000,NA,NA,NA,NA,2nd
4134,E3813,N,Boat,1944,1944,NA,NA,1999,NA,NA,NA,NA,2nd
4135,E3814,Y,NK,2000,2000,6,NA,2000,NA,NA,NA,NA,2nd
4136,E3815,N,NK,2000,2000,NA,NA,2000,NA,NA,NA,NA,2nd
4138,E3817,N,NK,2013,2013,8,NA,2013,1,NA,NA,NA,1st
4139,E3818,Y,NK,2010,2010,4,NA,2012,NA,500,NA,NA,2nd
4140,E3819,Y,Shore,2010,2010,6,7.333333333,2013,NA,NA,NA,NA,1st
4141,E3820,N,Shore,2010,2010,11,NA,2010,0,NA,NA,NA,1st
4153,E3831,Y,NK,1976,1976,12,NA,NA,NA,NA,NA,NA,2nd
4154,E3832,N,NK,1934,1934,6,NA,NA,NA,NA,NA,NA,2nd
4155,E3833,N,NK,1934 or 1937 (Farrell),1934,1,NA,NA,NA,NA,NA,NA,2nd
4156,E3834,N,NK,1940-1945,1942,NA,NA,NA,NA,NA,NA,NA,2nd
4157,E3835,Y,NK,1947,1947,4,NA,NA,NA,NA,2,NA,2nd
4158,E3836,N,NK,1949,1949,NA,NA,NA,NA,NA,NA,NA,2nd
4159,E3837,N,Shore,1954,1954,10,NA,NA,NA,NA,10,NA,2nd
4160,E3838,N,NK,1956,1956,7,6.25,NA,0,274.32,8,NA,2nd
4161,E3839,Y,NK,1896?,1896,NA,NA,1896,NA,NA,NA,NA,2nd
4162,E3840,Y,NK,1896,1896,NA,NA,1896,NA,NA,NA,NA,2nd
4164,E3842,Y,NK,1915/1916,1915,NA,NA,1934,NA,NA,NA,NA,2nd
4165,E3843,N,Shore,1933,1933,3,16.5,1933,NA,NA,NA,5.334,2nd
4166,E3844,N,Shore,1933,1933,9,NA,1933,NA,91.44,5,NA,2nd
4167,E3845,N,NK,1933,1933,9,NA,1933,NA,NA,NA,NA,2nd
4168,E3846,Y,Shore,1933,1933,12,NA,1933,NA,NA,NA,NA,1st
4169,E3847,N,Shore,1933,1933,12,NA,1933,1,NA,NA,NA,2nd
4170,E3848,N,Shore,1933,1933,12,NA,1933,1,NA,NA,NA,2nd
4171,E3849,N,Shore,1933,1933,11,NA,1933,1,182.88,NA,NA,2nd
4172,E3850,N,Shore,1933,1933,11,NA,1934,NA,NA,NA,NA,2nd
4173,E3851,Y,NK,1933,1933,12,NA,1933,NA,NA,NA,NA,2nd
4174,E3852,N,Shore,1934,1934,5,8.5,1934,NA,NA,NA,NA,2nd
4175,E3853,N,NK,1934,1934,7,NA,1934,NA,NA,NA,NA,2nd
4176,E3854,N,Shore,1934,1934,7,NA,1938,NA,NA,NA,NA,2nd
4177,E3855,N,NK,1934,1934,7,NA,1934,NA,NA,NA,NA,2nd
4178,E3856,N,NK,1934,1934,NA,NA,1934,NA,NA,NA,NA,2nd
4179,E3857,N,NK,1934,1934,9,NA,1934,NA,NA,NA,NA,2nd
4180,E3858,Y,NK,1934,1934,9,NA,1935,NA,NA,NA,NA,2nd
4181,E3859,Y,NK,1934,1934,NA,NA,1936,NA,NA,NA,NA,2nd
4183,E3861,N,NK,1935,1935,8,NA,1935,NA,NA,NA,NA,2nd
4184,E3862,N,Boat,1935,1935,8,NA,1935,NA,365.76,NA,NA,2nd
4185,E3863,N,NK,1936,1936,5,NA,1936,NA,NA,NA,NA,2nd
4186,E3864,Y,NK,1936,1936,6,NA,1936,NA,NA,NA,NA,2nd
4465,E3865,N,Shore,1936,1936,9,NA,1936,NA,NA,10,NA,1st
4188,E3866,N,Shore,1936,1936,9,NA,1936,0,NA,NA,NA,2nd
4189,E3867,Y,NK,1936,1936,9,NA,1936,NA,NA,NA,NA,2nd
4190,E3868,N,Shore,1936,1936,9,NA,1936,NA,2414.016,NA,NA,2nd
4191,E3869,N,Shore,1936,1936,11,15.75,1936,NA,NA,NA,NA,2nd
4192,E3870,N,Shore,1937,1937,2,13.5,1937,0,91.44,25,NA,2nd
4193,E3871,N,Shore,1937,1937,2,11,1937,NA,NA,NA,NA,2nd
4194,E3872,N,Shore,1937,1937,3,NA,1937,NA,NA,6,NA,1st
4198,E3874,Y,NK,1937,1937,4,NA,1937,NA,NA,NA,NA,2nd
4197,E3875,Y,Shore,1937,1937,4,NA,1937,NA,NA,NA,NA,2nd
4196,E3876,N,Shore,1937,1937,4,NA,1937,NA,NA,1,NA,2nd
4199,E3877,Y,NK,1937,1937,6,NA,1937,NA,NA,NA,NA,2nd
4200,E3878,N,Boat,1937,1937,7,17.5,1937,NA,91.44,NA,NA,1st
4201,E3879,N,Shore,1937,1937,7,NA,1937,NA,137.16,NA,NA,1st
4202,E3880,N,NK,1937,1937,8,NA,1937,NA,NA,NA,NA,2nd
4203,E3881,N,Shore,1937,1937,9,8.75,1937,0,NA,5,NA,1st
4205,E3883,N,Shore,1937,1937,11,NA,1937,0,NA,NA,NA,1st
4206,E3884,N,NK,1938,1938,1,NA,NA,NA,NA,60,NA,2nd
4210,E3888,N,NK,1938,1938,7,NA,1938,NA,NA,NA,NA,2nd
4211,E3889,N,Shore,1938,1938,8,NA,1938,NA,NA,NA,NA,2nd
4212,E3890,N,Boat,1938,1938,8,NA,1938,NA,NA,60,NA,2nd
4213,E3891,N,NK,1938,1938,8,NA,1938,NA,NA,NA,NA,2nd
4214,E3892,N,NK,1938,1938,8,NA,1938,NA,NA,NA,NA,2nd
4215,E3893,N,NK,1938,1938,NA,NA,1980,NA,NA,NA,NA,2nd
4216,E3894,Y,NK,1938,1938,8,NA,1962,NA,NA,NA,NA,2nd
4217,E3895,N,NK,1939,1939,1,NA,1939,NA,NA,NA,NA,2nd
4218,E3896,N,NK,1939,1939,4,NA,1939,NA,NA,NA,NA,1st
4220,E3898,N,NK,1939,1939,8,NA,1939,NA,NA,20,NA,2nd
4221,E3899,N,NK,1939,1939,8,NA,1939,NA,NA,NA,NA,2nd
5145,E3901,N,Shore,1946,1946,7,NA,1946,NA,NA,2,NA,1st
4224,E3902,Y,NK,1947,1947,6,NA,1956,NA,NA,NA,NA,2nd
4226,E3904,N,Boat,1948,1948,5,NA,1948,NA,NA,NA,NA,2nd
4227,E3905,Y,NK,1951,1951,2,NA,1951,NA,NA,NA,NA,2nd
4228,E3906,Y,Boat,1951,1951,6,NA,1951,0,NA,20,NA,2nd
4229,E3907,N,Shore,1952,1952,2,NA,1952,1,NA,NA,5.0292,1st
4230,E3908,N,NK,1952,1952,8,NA,1952,NA,NA,NA,NA,2nd
4231,E3909,Y,NK,1952,1952,9,NA,1952,NA,NA,NA,NA,2nd
4232,E3910,N,NK,1952,1952,9,NA,1983,NA,NA,NA,NA,2nd
4233,E3911,N,NK,1952,1952,9,NA,1983,NA,NA,NA,NA,2nd
4234,E3912,Y,NK,1954,1954,9,NA,1954,NA,NA,NA,NA,2nd
4398,E3913,N,Shore,1955,1955,NA,NA,1964,NA,NA,NA,NA,1st
4236,E3914,Y,NK,1955,1955,NA,NA,1975,NA,NA,NA,NA,2nd
4238,E3916,N,NK,1957,1957,7,NA,1957,NA,NA,NA,NA,2nd
4239,E3917,N,NK,1958,1958,5,NA,1958,NA,NA,NA,NA,2nd
4240,E3918,Y,NK,1958,1958,5,NA,NA,NA,NA,NA,NA,2nd
4241,E3919,N,Shore,1958,1958,5,NA,1961,NA,NA,NA,NA,1st
4242,E3920,Y,NK,1958,1958,7,NA,NA,NA,NA,NA,NA,2nd
4243,E3921,N,NK,1952,1952,8,NA,1958,NA,NA,NA,NA,2nd
4244,E3922,Y,NK,1959,1959,7,NA,1959,NA,NA,NA,NA,2nd
4245,E3923,N,NK,1959,1959,7,NA,1959,NA,NA,NA,NA,2nd
4246,E3924,Y,NK,1959,1959,7,NA,NA,NA,NA,NA,NA,2nd
4248,E3926,N,NK,1959,1959,8,NA,1961,NA,NA,NA,NA,2nd
4249,E3927,Y,Shore,1960,1960,NA,NA,1960,NA,NA,NA,NA,2nd
4250,E3928,N,Shore,1962,1962,NA,NA,1976,NA,NA,NA,NA,2nd
4252,E3929,N,NK,1963,1963,6,NA,NA,0,1207.008,15,NA,2nd
4253,E3930,Y,NK,1963,1963,6,NA,1964,NA,NA,NA,NA,2nd
4254,E3931,Y,NK,1963,1963,6,NA,1964,NA,NA,NA,NA,2nd
4256,E3933,N,Shore,1963,1963,8,NA,1963,NA,NA,5,NA,2nd
4257,E3934,N,Shore,1963,1963,8,NA,1963,0,NA,NA,NA,1st
4258,E3935,N,NK,1964,1964,3,NA,NA,NA,NA,NA,NA,2nd
4259,E3936,N,NK,1965,1965,9,NA,1968,NA,NA,NA,NA,2nd
4260,E3937,N,NK,1966,1966,9,NA,1976,NA,NA,10,NA,1st
4261,E3938,N,Shore,2009,2009,6,15.5,NA,NA,NA,NA,NA,2nd
4263,E3940,Y,NK,2011,2011,NA,NA,2011,NA,NA,NA,NA,2nd
4264,E3941,N,Boat,2011,2011,9,NA,2011,NA,NA,NA,NA,2nd
4266,E3943,Y,Shore,2011,2011,5,NA,2011,NA,NA,NA,NA,1st
4267,E3944,N,Shore,2011,2011,6,NA,2011,NA,NA,4.5,NA,2nd
4268,E3945,N,Shore,2011,2011,7,NA,2011,NA,228.6,NA,NA,2nd
4269,E3946,N,Shore,2011,2011,7,NA,2011,NA,NA,NA,NA,1st
4270,E3947,N,NK,2011,2011,9,NA,2011,NA,NA,NA,NA,1st
4487,E3949,N,Shore,2001,2001,11,14,NA,NA,NA,1.5,NA,1st
4273,E3950,N,Boat,2003,2003,5,NA,2011,NA,NA,NA,NA,2nd
4275,E3952,Y,NK,2003,2003,6,NA,2003,NA,NA,NA,NA,2nd
4277,E3954,N,NK,2005,2005,8,16,2005,NA,150,NA,NA,2nd
4278,E3955,N,Shore,2005,2005,8,18,2005,NA,NA,NA,NA,1st
4280,E3957,N,Boat,2006,2006,8,NA,NA,NA,NA,0.091666667,NA,2nd
4281,E3958,N,Shore,2006,2006,1,NA,NA,NA,NA,4,NA,2nd
4282,E3959,N,Boat,2001,2001,5,NA,2001,NA,137.16,NA,NA,2nd
4283,E3960,N,Shore,2000,2000,8,13,2000,3,3218.68,3,NA,1st
4284,E3961,N,Shore,1996,1996,6,NA,NA,NA,NA,4.5,NA,2nd
4287,E3964,N,Shore,1937,1937,2,11.83,1937,0,NA,5,NA,2nd
4288,E3965,N,NK,1934?,1934,NA,NA,1936,NA,NA,NA,NA,2nd
4289,E3966,N,Shore,1938,1938,2,NA,1938,NA,NA,6,NA,1st
4290,E3967,N,NK,1968,1968,5,NA,1968,NA,NA,NA,NA,2nd
4291,E3968,N,NK,1968,1968,7,NA,1968,NA,NA,NA,NA,2nd
4292,E3969,N,Shore,1968,1968,7,13.5,1973,NA,NA,NA,NA,2nd
4293,E3970,N,NK,1970,1970,9,NA,1976,NA,9.144,1,NA,1st
4294,E3971,N,NK,1971,1971,5,NA,1976,NA,NA,NA,6.096,1st
4296,E3972,Y,NK,1977,1977,11,NA,1977,NA,NA,15,NA,2nd
4298,E3974,N,NK,1979,1979,NA,NA,1979,NA,NA,NA,NA,2nd
4299,E3975,N,NK,1979,1979,NA,NA,1972,NA,NA,NA,NA,2nd
4930,E3976,N,Shore,1981,1981,8,NA,1981,NA,NA,NA,NA,1st
4301,E3977,N,Shore,1981,1981,9,NA,1981,NA,804.672,NA,NA,2nd
4302,E3978,N,Shore,1982,1982,7,NA,1982,NA,NA,NA,NA,2nd
4314,E3987,N,NK,1968,1968,5,NA,1973,NA,NA,30,NA,1st
4324,E3993,N,Boat,1946,1946,NA,NA,NA,NA,NA,NA,NA,2nd
4327,E3994,N,Shore,1959,1959,7,NA,1959,NA,NA,NA,NA,2nd
4330,E3996,N,NK,1960,1960,NA,NA,1963,NA,NA,NA,NA,2nd
4331,E3997,N,Shore,1963,1963,8,NA,1963,0,137.16,NA,6.096,2nd
4333,E3999,N,Shore,1935,1935,8,7.5,1935,NA,45.72,10,10.9728,1st
4334,E4000,N,Shore,1935,1935,8,8,1935,NA,NA,10,NA,1st
4338,E4001,N,Boat,1947,1947,7,NA,1947,NA,274.32,NA,NA,2nd
4346,E4005,N,Shore,1937,1937,6,NA,1937,NA,NA,2.5,NA,2nd
4349,E4007,Y,Boat,2013,2013,4,NA,2013,NA,NA,NA,NA,2nd
4351,E4009,N,Shore,1934,1934,5,NA,1977,0,205.74,NA,NA,1st
4352,E4010,Y,Shore,Before 1977,1976,NA,NA,1977,NA,NA,NA,NA,2nd
4353,E4011,N,Shore,1976,1976,4,NA,1977,NA,NA,NA,NA,2nd
4354,E4012,N,Boat,1917,1917,NA,NA,1977,NA,NA,0.016666667,NA,1st
4356,E4013,N,Boat,1976,1976,NA,NA,1977,NA,NA,NA,NA,1st
4357,E4014,N,Shore,1970,1970,7,NA,2000,0,NA,NA,NA,1st
4358,E4608.5,N,Shore,1969,1969,6,NA,1975,NA,1609.344,NA,NA,2nd
4359,E4015,N,Shore,1968,1968,11,NA,1975,NA,NA,10,NA,2nd
4360,E4016,N,Shore,1968,1968,7,19,1975,NA,NA,10,NA,2nd
4364,E4020,N,NK,2000,2000,9,NA,2001,NA,NA,NA,NA,2nd
4365,E4021,Y,NK,2000,2000,8,NA,2001,NA,NA,NA,NA,2nd
4366,E4022,Y,Shore,2001,2001,11,NA,2002,NA,NA,1.5,NA,2nd
4367,E4023,Y,NK,2001,2001,8,NA,2002,NA,NA,0.058333333,NA,2nd
4368,E4024,N,Shore,2001,2001,8,21,2001,NA,4828.032,0.083333333,NA,2nd
4375,E4028,N,Shore,1966,1966,6,NA,1966,NA,182.88,NA,NA,2nd
4376,E4029,N,Shore,Summer before 1935,1934,NA,NA,1935,NA,NA,NA,NA,2nd
4377,E4030,N,Boat,1927,1927,NA,NA,1935,NA,NA,NA,NA,2nd
4378,E4031,N,Shore,1934,1934,9,10.5,1935,NA,NA,6,NA,1st
4385,E4033,N,Shore,1952,1952,2,NA,1952,0,NA,NA,NA,2nd
4387,E4034.1,Y,Shore,1975,1975,NA,NA,1975,0,NA,NA,NA,1st
4390,E4034,N,Shore,1938,1938,1,NA,1938,NA,NA,NA,12.192,2nd
4393.1,E4035.1,N,NK,1960,1960,NA,NA,1963,NA,NA,NA,NA,2nd
4394,E4035.2,N,Shore,c.1919,1919,NA,18,1933,NA,NA,1,NA,1st
4396,E2387.1,N,NK,1952,1952,4,NA,1954,NA,NA,NA,NA,2nd
4399,E4036.1,Y,NK,1933,1933,9,NA,1933,NA,NA,NA,NA,2nd
4409,E4037,Y,NK,Someyears before 1930,1925,NA,NA,1930,NA,NA,NA,NA,2nd
4411,E4038,Y,Shore,1933,1933,11,NA,1933,NA,NA,NA,NA,2nd
4412,E4039,Y,NK,1933,1933,11,NA,1933,NA,NA,NA,NA,2nd
4413,E4040,Y,NK,before 1933,1932,NA,NA,1933,NA,NA,NA,NA,2nd
4415,E4042,N,NK,1934,1934,1,NA,1934,3,640.08,NA,4.8768,2nd
4433,E4044,Y,NK,1946,1946,7,NA,1946,NA,NA,5,NA,2nd
4466,E4045,N,Shore,1937,1937,11,NA,1937,0,45.72,NA,NA,2nd
4468,E2167.1,N,Boat,1938,1938,8,16.67,1938,NA,804.672,NA,NA,2nd
4474,E4046,N,Shore,1937,1937,8,NA,1937,NA,NA,30,NA,2nd
4476,E4048,N,NK,2012,2012,8,NA,NA,NA,NA,NA,NA,2nd
4478,E4050,N,NK,2008,2008,2,11.5,NA,4,NA,12.5,NA,1st
4479,E4051,N,NK,2005,2005,9,NA,NA,NA,NA,NA,NA,2nd
4480,E4052,N,NK,2005,2005,8,8.5,NA,NA,NA,10,NA,1st
4481,E4053,Y,Shore,2004,2004,4,10,NA,NA,76.2,5,NA,2nd
4482,E4054,Y,Webcam,2004,2004,2,NA,NA,NA,NA,NA,NA,2nd
4483,E4055,N,NK,2002,2002,8,NA,NA,NA,NA,0.291666667,NA,1st
4485,E4057,N,NK,2002,2002,4,15.5,NA,NA,NA,0.125,NA,1st
4486,E4058,Y,NK,2002,2002,2,NA,2002,NA,NA,NA,NA,2nd
4490,E4062,N,NK,2000,2000,9,NA,2000,NA,NA,NA,NA,2nd
4492,E4064,N,NK,2000,2000,6,13,2000,NA,NA,NA,NA,2nd
4494,E4066,N,NK,2000,2000,5,10.5,2000,NA,NA,NA,NA,2nd
4495,E4067,N,NK,2000,2000,2,NA,2000,NA,804.672,NA,NA,2nd
4497,E4069,N,NK,2000,2000,1,NA,2000,NA,NA,NA,4.572,2nd
4498,E4070,N,NK,2000,2000,1,NA,2000,NA,804.672,NA,NA,2nd
4500,E4072,Y,NK,1999,1999,9,11.5,2000,NA,NA,NA,0.9144,2nd
4501,E4073,Y,NK,1999,1999,7,9,2000,NA,NA,20,NA,2nd
4502,E4074,Y,NK,1999,1999,3,NA,1999,NA,182.88,NA,NA,2nd
4505,E4077,Y,NK,1998,1998,10,NA,2014,NA,NA,NA,NA,2nd
4506,E4078,N,NK,1998,1998,10,NA,1998,NA,NA,NA,NA,2nd
4507,E4079,N,NK,1998,1998,9,NA,1998,NA,NA,NA,NA,2nd
4508,E4080,N,Boat,1998,1998,9,14.5,1998,0,NA,0.333333333,NA,2nd
4509,E4081,N,NK,1998,1998,7,NA,1998,NA,NA,NA,NA,2nd
4513,E4085,N,Shore,1998,1998,10,11,1998,NA,NA,NA,NA,1st
4514,E4086,N,Shore,1998,1998,5,8.92,NA,NA,NA,NA,NA,1st
4515,E4087,N,NK,1997,1997,10,9.67,1998,NA,NA,0.133333333,NA,1st
4516,E4088,N,NK,1997,1997,8,NA,1997,NA,NA,NA,NA,2nd
4520,E4092,N,NK,1997,1997,6,NA,1997,NA,NA,NA,NA,2nd
4521,E4093,N,NK,1997,1997,6,NA,1997,NA,NA,NA,NA,2nd
4522,E4094,N,NK,1997,1997,5,10,2003,NA,NA,NA,NA,2nd
4523,E4095,N,Shore,1997,1997,3,NA,1997,NA,NA,NA,NA,2nd
4524,E4096,N,NK,1997,1997,3,NA,1997,NA,NA,NA,NA,2nd
4532,E4104,N,NK,1996,1996,4,NA,1996,NA,NA,NA,NA,2nd
4533,E4105,N,NK,1996,1996,5,NA,1996,NA,NA,NA,NA,2nd
4536,E4108,N,NK,1996,1996,7,NA,1997,NA,NA,NA,NA,2nd
4537,E4109,N,NK,1996,1996,7,NA,1996,NA,NA,NA,NA,2nd
4539,E4111,N,NK,1996,1996,8,NA,NA,NA,2414.016,NA,NA,1st
4540,E4112,N,NK,1996,1996,8,NA,NA,NA,NA,NA,NA,2nd
4801,E4113,N,Shore,1996,1996,8,16,1996,1,NA,4,NA,1st
4542,E4114,N,NK,1996,1996,8,NA,NA,NA,NA,NA,NA,2nd
4543,E4115,N,NK,1996,1996,8,NA,1996,NA,NA,NA,NA,1st
4544,E4116,Y,NK,1996,1996,9,NA,NA,NA,NA,NA,NA,2nd
4545,E4117,N,Boat,1998,1998,6,20.5,1998,NA,54.864,0.5,NA,1st
4548,E4120,N,NK,2014,2014,5,9.92,2014,2,1200,15,NA,1st
4552,E4121,N,NK,1933,1933,9,9.5,1933,0,NA,NA,NA,2nd
4553,E4122,N,NK,1933,1933,9,NA,1933,NA,NA,NA,NA,2nd
4554,E4123,N,NK,1933,1933,9,NA,1933,NA,NA,NA,NA,2nd
4555,E4124,N,Shore,1933,1933,9,NA,1933,NA,NA,NA,NA,2nd
4556,E4125,N,NK,1933,1933,9,NA,1933,NA,NA,NA,NA,2nd
4562,E4126,N,NK,1933,1933,7,8,1933,0,804.672,NA,NA,2nd
4564,E4127,N,NK,1933,1933,11,NA,1933,NA,NA,NA,NA,2nd
4569,E4129,Y,Shore,1933,1933,7,NA,1933,NA,NA,NA,NA,2nd
4570,E4130,N,Shore,1913,1913,NA,NA,1933,NA,NA,NA,NA,2nd
4572,E4132,Y,NK,1933,1933,7,NA,1933,NA,NA,NA,NA,2nd
4588,E4142,N,Shore,2014,2014,11,NA,2014,3,175,2,NA,1st
4592,E4146,N,Boat,1982,1982,NA,NA,2007,NA,NA,NA,NA,1st
3954.1,E3642.1,N,NK,1976,1976,8,NA,1976,NA,NA,10,NA,2nd
4599,E4149,Y,NK,1954,1954,7,NA,NA,NA,NA,NA,NA,2nd
4600,E4150,Y,Shore,1959,1959,6,NA,NA,NA,NA,NA,NA,2nd
4601,E4151,Y,Shore,1960,1960,11,NA,NA,NA,NA,NA,NA,2nd
4602,E4152,Y,Shore,1960,1960,12,NA,NA,NA,NA,NA,NA,2nd
4603,E4153,Y,Shore,1960,1960,12,NA,NA,NA,NA,NA,NA,2nd
4614,E4163,N,Shore,1972,1972,9,14.67,1972,1,166.878,1,NA,1st
4615,E4164,N,Shore,1972,1972,9,NA,1972,NA,182.88,2,NA,1st
4616,E4165,N,Shore,1971?,1971,9,NA,1971,0,NA,1,NA,1st
4617,E4166,N,Boat,1971,1971,8,11.58,1971,1,457.2,2.5,1.3716,1st
4621,E4167,N,Shore,1966,1966,9,NA,1966,1,402.336,0.166666667,NA,2nd
4647,E4185,N,Boat,1962,1962,6,11.08,1962,NA,15.24,5,NA,2nd
4648,E4186,N,NK,1962,1962,6,11.7,1962,NA,18.288,4,NA,2nd
4653,E4191,N,NK,1944,1944,NA,NA,1947,NA,NA,NA,NA,2nd
4658,E4195,Y,Shore,1933,1933,5,NA,1933,NA,402.336,NA,NA,2nd
4669,E4202,N,Shore,1963,1963,7,19.5,1963,NA,NA,NA,NA,1st
4682,E4212,N,Shore,1990,1990,9,NA,1998,NA,NA,1.5,NA,1st
4684,E4213,N,Shore,c. 1953,1953,NA,NA,1998,NA,NA,NA,NA,1st
4694,E4220,N,NK,1930?,1930,NA,NA,1933,NA,NA,NA,NA,2nd
4700,E4223,N,NK,Before or in 1991,1991,NA,NA,1991,NA,NA,8,NA,1st
4701,E4224,N,NK,Before or in 1987,1987,NA,NA,1991,0,NA,NA,NA,1st
4702,E4225,N,Shore,Before or in 1991,1991,NA,NA,1991,0,NA,1.25,NA,1st
4703,E4226,N,Shore,1935,1935,NA,NA,1991,NA,NA,NA,NA,1st
4715,E4232,N,Shore,1934,1934,7,NA,NA,NA,NA,NA,NA,2nd
4719,E4233,N,Shore,1970,1970,NA,NA,1998,NA,NA,NA,NA,1st
4722,E4235,N,Shore,1981,1981,NA,NA,NA,NA,NA,NA,NA,2nd
4723,E4236,N,Shore,1991,1991,4,11,NA,0,NA,0.5,NA,1st
4724,E4237,N,Shore,1980s,1985,NA,0.25,NA,NA,NA,NA,NA,1st
4726,E4238,N,Shore,1986,1986,NA,NA,1987,NA,NA,NA,NA,1st
4727,E4239,N,Shore,1940s,1945,NA,NA,1987,NA,NA,NA,NA,1st
4733,E4242,N,NK,1984,1984,7,13.78,1984,NA,NA,NA,NA,2nd
4745,E3559,N,Shore,1958,1958,7,NA,1958,NA,NA,NA,NA,1st
4746,E4249,N,Shore,1980s,1985,NA,NA,1985,NA,NA,NA,NA,2nd
4748,E4250,N,Shore,1938,1938,NA,NA,NA,NA,NA,NA,NA,2nd
4750,E4251,N,Shore,1991,1991,6,15.5,NA,0,NA,3,NA,2nd
4751,E4252,N,Boat,1991,1991,10,11.33,1991,0,10.9728,NA,NA,1st
4754,E4254,N,Shore,1991,1991,5,NA,1991,6,NA,NA,0.762,1st
4756,E4256,N,Shore,1988,1988,7,NA,1989,NA,NA,5,NA,1st
4757,E4257,N,Shore,1965ish,1965,NA,8.33,1985,0,12.192,5,NA,1st
4758,E4258,N,Shore,1996,1996,8,16.55,1996,0,NA,NA,NA,1st
4759,E4259,N,Shore,1989,1989,5,9.17,NA,NA,NA,NA,NA,2nd
4760,E4260,N,Boat,1980s or 1990s,1990,NA,11.5,NA,NA,NA,NA,NA,1st
4762,E4261,N,Shore,1989,1989,8,NA,1989,NA,NA,NA,NA,1st
4764,E4263,N,NK,1995,1995,8,NA,1996,NA,NA,NA,7.5,1st
4765,E4264,N,Shore,1995,1995,4,12.25,NA,NA,150.876,0.666666667,NA,1st
4766,E4265,N,Shore,1995,1995,7,12.42,1995,0,NA,NA,NA,1st
4768,E4267,N,Shore,1995,1995,10,16.5,1995,0,304.8,NA,NA,1st
4769,E4268,N,Shore,1995,1995,3,11,1995,NA,NA,NA,NA,2nd
4771,E4270,N,Shore,1964,1964,NA,NA,1994,NA,NA,NA,NA,1st
4772,E4271,N,Shore,1994,1994,10,NA,1994,NA,NA,NA,NA,1st
4773,E4272,N,Shore,1994,1994,9,8.58,NA,0,38.1,7.5,NA,1st
4774,E4273,N,Shore,1991,1991,8,13.5,1991,3,57.15,NA,0.9144,1st
4775,E4274,N,Shore,1989,1989,3,11.5,1993,0,NA,3,NA,2nd
4777,E4276,N,Boat,1992,1992,12,NA,1992,NA,38.1,0.208333333,NA,1st
4780,E4277,N,Shore,1992,1992,6,17,NA,0,50,0.166666667,NA,1st
4781,E4278,Y,Shore,1954,1954,NA,NA,1982,0,NA,25,NA,2nd
4782,E4279,N,Boat,1992,1992,6,18,NA,NA,NA,1,NA,2nd
4783,E4280,N,Shore,1993,1993,7,17.25,1993,NA,NA,NA,NA,1st
4786,E4281,N,Shore,1934,1934,9,NA,NA,NA,NA,NA,NA,1st
4787,E4282,N,Shore,1935-1937 probably,1936,NA,NA,NA,NA,NA,NA,NA,1st
4789,E4284,N,Shore,1985,1985,8,13.42,1985,0,3218.688,3.5,NA,1st
4790,E4285,N,Boat,1985,1985,8,17.5,NA,0,NA,NA,NA,1st
4791,E4286,N,Boat,1980s or 1990s,1990,7,10.45,NA,NA,NA,NA,NA,1st
4792,E4287,N,Shore,1985,1985,8,11,1986,NA,NA,50,NA,1st
4793,E4288,N,NK,1987,1987,9,15.83,1985,1,NA,2,NA,2nd
4794,E4289,N,Shore,2000,2000,8,NA,NA,1,NA,10,NA,1st
4795,E4290,N,Shore,2005,2005,7,8.42,NA,0,27.432,20,NA,1st
4798,E4291,N,Shore,1987,1987,8,7,2004,NA,NA,NA,NA,1st
4799,E4292,N,Shore,1987,1987,8,NA,2004,NA,NA,NA,NA,1st
4800,E4293,N,NK,2004,2004,10,16.58,2004,0,NA,NA,NA,1st
4805,E4294,N,Shore,1983?,1983,NA,16.75,NA,NA,NA,NA,NA,2nd
4807,E4296,N,NK,1976,1976,NA,NA,1983,NA,NA,5,2.7432,1st
4808,E4297,N,NK,1980/1981,1980,NA,NA,NA,NA,NA,NA,NA,2nd
4809,E4298,N,Shore,1982,1982,7,16.21,1982,1,365.76,NA,7.62,1st
4810,E4299,N,Shore,1930,1930,9,8.5,NA,NA,NA,NA,NA,1st
4811,E4300,N,Shore,1976,1976,12,NA,1977,NA,NA,NA,NA,2nd
4814,E4301,N,Shore,1993,1993,8,9.12,1993,NA,NA,15,NA,1st
4815,E4302,Y,Shore,1979,1979,8,11.25,1995,NA,121.92,4,NA,1st
4816,E4303,N,Boat,1986,1986,7,22.25,1986,NA,182.88,2.5,9.144,1st
4818,E4304,N,Boat,1986,1986,6,NA,1986,0,NA,NA,10.668,1st
4819,E4305,N,NK,1986,1986,8,16.25,NA,0,NA,NA,NA,2nd
4821,E4306,Y,Shore,1995,1995,10,4.5,NA,NA,304.8,NA,NA,1st
4822,E4307,N,Shore,1991,1991,8,22,NA,0,68.58,10,NA,1st
4825,E4308,N,NK,1980s,1985,7,NA,NA,NA,NA,NA,NA,2nd
4826,E4309,N,NK,1980s,1985,7,NA,NA,NA,NA,NA,NA,2nd
4844,E4326,N,Shore,1977,1977,4,20.83,1977,0,NA,0.15,9.144,2nd
4845,E4327,N,Shore,1978,1978,3,10.75,1978,NA,457.2,0.166666667,9.144,2nd
4846,E4328,N,Boat,1978,1978,4,12,1978,NA,274.32,0.166666667,13.716,2nd
4846,E4329,N,Boat,1978,1978,5,11.75,1978,NA,182.88,0.108333333,NA,2nd
4847,E4330,N,Boat,1978,1978,6,11.75,1978,NA,274.32,0.058333333,NA,1st
4848,E4331,N,Boat,1978,1978,6,14.58,1978,NA,91.44,0.108333333,NA,2nd
4849,E4332,N,Shore,1978,1978,7,16.25,1978,NA,NA,NA,4.2672,2nd
4850,E4333,N,Shore,1978,1978,7,NA,1978,NA,NA,NA,NA,2nd
4851,E4334,N,Shore,1978,1978,7,9.5,1978,NA,182.88,0.083333333,NA,2nd
4852,E4335,N,Shore,1978,1978,8,20,1978,NA,365.76,NA,6.096,2nd
4853,E4336,N,Shore,1978,1978,8,9.33,1978,NA,182.88,0.091666667,3.9624,2nd
4854,E4337,N,Shore,1978,1978,9,5.83,1978,0,91.44,0.058333333,NA,2nd
4855,E4338,N,Shore,1978,1978,10,10.67,1978,1,182.88,0.058333333,NA,2nd
4856,E4339,N,Shore,1979,1979,1,13.25,1979,1,200,0.058333333,NA,2nd
4857,E4340,N,Boat,1979,1979,2,11.83,1979,1,1609.344,NA,NA,1st
4858,E4341,Y,Boat,1979,1979,3,15.83,1979,3,137.16,NA,NA,2nd
4859,E4342,N,Shore,1979,1979,3,14.5,1979,1,NA,0.125,4.2672,2nd
4860,E4343,N,Boat,1979,1979,4,10.5,1979,NA,137.16,0.166666667,NA,2nd
4861,E4344,N,Boat,1979,1979,4,10.5,1979,NA,365.76,0.158333333,4.2672,2nd
4862,E4345,N,Boat,1979,1979,4,10.5,1979,NA,NA,0.166666667,4.7244,2nd
4863,E4346,N,Shore,1979,1979,6,11.83,1979,0,137.16,0.116666667,NA,2nd
4864,E4347,N,NK,1979,1979,6,15.75,1979,NA,NA,0.1,4.8768,2nd
4865,E4348,N,NK,1979,1979,7,10.33,1979,NA,182.88,0.133333333,NA,2nd
4866,E4349,N,Shore,1979,1979,7,NA,1979,0,NA,0.083333333,NA,2nd
4867,E4350,N,Shore,1979,1979,7,22.25,1979,NA,182.88,0.15,7.62,2nd
4868,E4351,N,Shore,1979,1979,8,9.75,1979,3,91.44,0.066666667,NA,2nd
4869,E4352,N,Shore,1979,1979,8,18.33,1979,NA,274.32,0.125,4.8768,2nd
4870,E4353,N,Boat,1979,1979,9,13.25,1979,NA,NA,0.1,NA,2nd
4871,E4354,N,Shore,1979,1979,9,13.25,1979,NA,457.2,NA,NA,2nd
4872,E4355,N,Shore,1979,1979,11,11.83,1979,0,NA,0.116666667,NA,2nd
4873,E4356,N,Shore,1980,1980,1,14.5,1980,0,182.88,NA,4.572,2nd
4874,E4357,N,NK,1980,1980,2,11.83,1980,0,NA,0.1,NA,2nd
4875,E4358,N,NK,1980,1980,2,15,1980,NA,274.32,0.141666667,NA,2nd
4876,E4359,N,Shore,1980,1980,2,13.33,1980,0,274.32,0.141666667,3.9624,2nd
4877,E4360,N,Boat,1980,1980,3,8.25,1980,0,274.32,0.066666667,NA,1st
4878,E4361,N,Shore,1980,1980,3,NA,1980,0,228.6,0.133333333,NA,2nd
4879,E4362,N,Boat,1980,1980,4,9.33,1980,NA,274.32,NA,NA,2nd
4880,E4363,N,Boat,1980,1980,4,8,1980,0,274.32,NA,NA,2nd
4881,E4364,N,Shore,1980,1980,5,NA,1980,NA,NA,0.066666667,NA,1st
4882,E4365,N,Shore,1980,1980,5,15.33,1980,NA,182.88,NA,NA,2nd
4883,E4366,N,Boat,1980,1980,5,19.25,1980,NA,NA,0.083333333,NA,2nd
4884,E4367,N,Shore,1980,1980,8,NA,1980,NA,NA,NA,NA,2nd
4885,E4368,Y,Shore,1980,1980,8,NA,1980,NA,NA,NA,NA,2nd
4886,E4369,N,Shore,1980,1980,9,13.25,1980,0,91.44,NA,NA,2nd
4887,E4370,N,Shore,1980,1980,11,NA,1980,0,274.32,NA,NA,1st
4888,E4371,N,Shore,1981,1981,1,11.75,1981,1,NA,0.083333333,4.2672,2nd
4889,E4372,N,Shore,1981,1981,2,10.33,1981,3,73.152,NA,NA,2nd
4890,E4373,N,NK,1981,1981,4,13.25,1981,0,NA,0.116666667,NA,2nd
4891,E4374,N,Shore,1981,1981,4,15.75,1981,3,NA,0.133333333,NA,2nd
4892,E4375,N,Boat,1981,1981,4,9.5,1981,1,NA,0.166666667,NA,2nd
4893,E4376,N,Shore,1981,1981,4,10.75,1981,1,NA,NA,NA,2nd
4894,E4377,N,Boat,1981,1981,6,5.5,1981,1,365.76,NA,NA,1st
4895,E4378,N,Shore,1981,1981,6,9,1981,0,NA,NA,NA,2nd
4896,E4379,N,NK,1981,1981,8,15.25,1981,3,182.88,NA,NA,2nd
4897,E4380,N,NK,1983,1983,2,NA,1983,NA,NA,NA,NA,2nd
4898,E4381,N,Boat,1983,1983,3,12,1983,1,182.88,NA,NA,1st
4899,E4382,N,Shore,1983,1983,4,11,1983,1,NA,0.066666667,NA,2nd
4900,E4383,Y,Boat,1983,1983,5,9.75,1983,NA,91.44,NA,NA,2nd
4901,E4384,N,Shore,1983,1983,5,16.5,1983,3,NA,NA,NA,2nd
4902,E4385,N,Shore,1983,1983,6,15.75,1983,1,NA,0.066666667,3.048,2nd
4903,E4386,N,Boat,1983,1983,7,13.33,1983,0,NA,0.058333333,NA,2nd
4904,E4387,Y,Boat,1983,1983,7,10.75,1983,1,182.88,0.083333333,NA,2nd
4905,E4388,N,Shore,1983,1983,8,15.83,1983,3,NA,NA,NA,2nd
4906,E4389,N,Shore,1983,1983,8,18,1983,0,73.152,NA,NA,2nd
4907,E4390,N,Shore,1983,1983,10,NA,1983,1,NA,NA,NA,2nd
4908,E4391,N,Shore,1983,1983,11,9,1983,NA,NA,NA,NA,2nd
4909,E4392,N,Shore,1983,1983,11,12,1983,0,NA,NA,NA,2nd
4910,E4393,N,Boat,1979,1979,9,NA,1979,NA,NA,NA,NA,2nd
4911,E4394,N,Shore,1979,1979,9,NA,1980,NA,NA,NA,5.7912,2nd
4912,E4395,N,Boat,1979,1979,9,NA,1980,5,91.44,NA,NA,2nd
4913,E4396,Y,Boat,1952/1953,1952,NA,NA,1980,NA,NA,NA,NA,2nd
4914,E4397,Y,Shore,Early 1950s,1952,NA,NA,1980,NA,NA,NA,NA,2nd
4915,E4398,Y,NK,1973,1973,10,NA,1973,1,804.672,NA,NA,2nd
4916,E4399 ,Y,NK,1952,1952,NA,NA,1977,NA,NA,NA,NA,2nd
4917,E4400,Y,NK,1977,1977,8,NA,1977,NA,NA,NA,NA,2nd
4918,E4401,N,Shore,2015,2015,3,13.5,2015,NA,NA,NA,NA,1st
4920,E4402,N,Shore,c. 1985,1985,NA,NA,2015,NA,NA,NA,NA,1st
4925,E4403,N,Shore,2015,2015,9,12.75,2016,NA,NA,0.108333333,5.334,1st
4921,E4404,N,NK,2015,2015,8,15.5,2015,1,NA,NA,NA,2nd
4923,E4406,N,Shore,2015,2015,4,12.25,2015,NA,NA,NA,NA,2nd
4924,E4407,N,Shore,2015,2015,4,12.5,2015,NA,NA,NA,NA,2nd
4926,E4408,N,NK,2014,2014,11,NA,2015,NA,NA,NA,NA,2nd
4927,E4409,N,Shore,2014,2014,5,8.5,2014,NA,NA,1,NA,2nd
4928,E4410,N,Shore,2000,2000,7,NA,2015,NA,NA,NA,NA,1st
4929,E4411,N,Shore,2001,2001,NA,NA,2015,NA,NA,NA,NA,1st
4931,E4412,N,Shore,1979,1979,7,10.5,NA,1,250,NA,NA,1st
4932,E4413,N,Shore,1993,1993,7,7.5,1993,NA,0,15,NA,1st
4933,E4414,N,NK,1993,1993,NA,NA,1993,NA,NA,NA,NA,2nd
4976,E4445,N,NK,1952,1952,8,14,1952,NA,NA,NA,NA,2nd
5032,E4484,N,Shore,1940,1940,4,12,1940,NA,NA,NA,NA,1st
5033,E4485,Y,NK,1940,1940,5,NA,1940,NA,NA,10,NA,2nd
5034,E4486,Y,NK,1940,1940,7,NA,1940,NA,NA,NA,NA,2nd
5035,E4487,N,NK,1934,1934,7,18.5,1942,NA,NA,NA,NA,1st
5055,E4501,N,Shore,1933,1933,8,21.25,1933,NA,182.88,4.5,15.24,1st
5070,E4516,N,NK,1933,1933,1,NA,1933,NA,NA,NA,NA,2nd
5073,E4519,Y,Shore,1934,1934,1,NA,1934,NA,NA,NA,NA,2nd
5095,E4541,N,Boat,1934,1934,6,NA,1934,NA,NA,NA,NA,2nd
5097,E4543,N,NK,1934,1934,6,NA,1934,NA,1609.344,15,NA,2nd
5098,E4544,N,Shore,1934,1934,6,NA,1934,NA,NA,3,NA,2nd
5099,E4545,N,NK,1934,1934,6,NA,1934,NA,804.672,25,NA,1st
5100,E4546,N,NK,1934,1934,8,NA,1934,NA,NA,NA,NA,2nd
5101,E4547,N,NK,1934,1934,8,NA,1934,NA,10.668,NA,NA,2nd
5103,E4549,N,Shore,1934?,1934,NA,NA,1934,NA,NA,NA,NA,2nd
5104,E4550,Y,NK,1934,1934,8,NA,1934,NA,NA,NA,NA,2nd
5105,E4551,N,Boat,1934,1934,9,5.5,1934,NA,NA,1,NA,1st
5106,E4552,Y,NK,1906,1906,NA,NA,1935,NA,NA,NA,NA,1st
5108,E4553,N,Shore,1935,1935,6,NA,1935,NA,91.44,NA,NA,2nd
5109,E4554,N,Shore,1935,1935,6,NA,1935,1,NA,NA,NA,1st
5109,E4555,N,Shore,1935,1935,6,NA,1935,1,NA,NA,NA,2nd
5109,E4556,Y,Shore,1935,1935,6,NA,1935,1,NA,NA,NA,2nd
5110,E4557,N,Shore,1935,1935,7,NA,1935,NA,1207.008,NA,NA,1st
5111,E4558 couldbe same as E4556,Y,NK,1935,1935,7,NA,1935,NA,1207.008,7.5,NA,1st
5112,E4559,N,Shore,1935,1935,7,NA,1935,NA,NA,NA,NA,2nd
5114,E4560,N,Shore,1936,1936,7,NA,1936,NA,NA,NA,NA,2nd
5115,E4561,N,Shore,1936,1936,7,NA,1936,NA,NA,NA,NA,2nd
5116,E4562,N,Shore,1936,1936,8,19,1936,NA,NA,10,NA,2nd
5121,E4564.1,N,Shore,1937,1937,6,NA,1936,NA,NA,NA,NA,2nd
5122,E4564,N,Shore,1937,1937,6,NA,1937,NA,NA,NA,NA,2nd
5124,E4565,N,Shore,1937,1937,7,NA,1937,NA,NA,NA,NA,1st
5125,E4566,N,Shore,1937,1937,8,13.5,1937,NA,91.44,0.25,4.572,1st
5126,E4567,N,Shore,1937?,1937,8,20,1937,NA,NA,NA,NA,1st
5129,E4570,N,Shore,1938,1938,7,NA,1938,NA,NA,NA,NA,2nd
5132,E4571,N,Aerial,1938,1938,8,NA,1938,NA,NA,NA,NA,2nd
5133,E4572,N,Shore,1938,1938,9,NA,1938,NA,10.668,NA,NA,2nd
5134,E4573,N,Shore,1938,1938,9,2.5,1938,NA,12.192,NA,NA,1st
5135,E4574,N,Shore,1939,1939,9,NA,1939,NA,54.864,NA,NA,1st
5136,E4575,N,Boat,1939,1939,9,NA,1939,NA,NA,NA,NA,2nd
5137,E4576,N,Shore,1947,1947,5,NA,1947,NA,NA,NA,6.096,2nd
5138,E4577,N,Shore,1947,1947,5,NA,1947,NA,NA,NA,NA,1st
5139,E4578,N,Shore,1947,1947,5,NA,1947,NA,NA,NA,NA,1st
5140,E4579,N,Shore,1947,1947,8,12.5,1947,NA,NA,30,NA,2nd
5142,E4581,N,Shore,1948,1948,6,NA,1948,NA,NA,NA,NA,1st
5146,E4585,N,NK,1948,1948,6,NA,1948,NA,NA,10,NA,1st
5147,E4586,N,Shore,1948,1948,7,NA,1948,0,NA,NA,NA,2nd
5148,E4587,N,Shore,1948,1948,12,NA,1948,0,NA,NA,NA,2nd
5150,E4588,N,Shore,1950,1950,5,NA,1950,NA,NA,NA,NA,2nd
5152,E4589,N,Shore,1950,1950,7,NA,1950,NA,NA,NA,NA,2nd
5158,E4590,N,NK,1951,1951,9,NA,1951,NA,NA,5,NA,2nd
5159,E4591,N,Shore,1952,1952,4,10.75,1952,NA,NA,10,NA,2nd
5160,E4592,N,NK,1953,1953,12,NA,1953,NA,NA,NA,NA,2nd
5161,E4593,N,NK,1954,1954,8,NA,1954,NA,NA,NA,NA,1st
5162,E4594,N,NK,1954,1954,8,NA,1954,NA,NA,NA,NA,1st
5164,E4596,N,Shore,Before 1948?,1947,NA,NA,1958,NA,NA,NA,NA,1st
5165,E4597,N,Shore,1948,1948,NA,NA,1958,NA,NA,NA,NA,1st
5166,E4598,N,Shore,1959,1959,2,NA,1959,NA,3.6576,NA,NA,2nd
5170,E4599,N,NK,1961,1961,8,NA,1961,NA,NA,NA,NA,2nd
5171,E4600,N,Shore,1963,1963,8,NA,1963,0,NA,NA,NA,1st
5172,E4601,Y,NK,1964,1964,1,NA,1964,NA,NA,NA,NA,2nd
5173,E4602,N,Shore,1965,1965,7,NA,1965,NA,NA,NA,NA,2nd
5178,E4603,N,Boat,1935,1935,NA,NA,1969,NA,NA,10,NA,1st
5180,E4604,N,Boat,1969,1969,9,NA,1969,NA,91.44,NA,NA,1st
5181,E4605,N,NK,1971,1971,7,NA,1971,NA,NA,NA,NA,1st
5184,E4606,N,Boat,1975,1975,7,14.33,1975,NA,2414.016,0.083333333,NA,1st
5185,E4607,Y,Shore,1975,1975,7,14,1975,NA,NA,NA,NA,1st
5187,E4608,N,Shore,1950,1950,7,NA,1950,NA,18.288,NA,NA,1st
5188,E4609,N,Shore,1978,1978,6,12.5,1978,NA,NA,NA,NA,2nd
5189,E4610,N,NK,1978,1978,8,NA,1978,NA,NA,NA,NA,2nd
5190,E4611,N,Shore,1980,1980,12,NA,1980,NA,NA,NA,NA,1st
5191,E4612,N,NK,1983,1983,8,20.27,1983,NA,NA,NA,NA,1st
5193,E4612.1,Y,Shore,1984,1984,1,NA,1984,NA,1207.008,NA,NA,1st
5198,E4615,N,Boat,1989,1989,5,11.5,1989,NA,NA,NA,NA,2nd
5199,E4616,N,Shore,1989,1989,9,14,1989,NA,NA,NA,6.096,1st
5201,E4617,N,Shore,1992,1992,12,NA,1992,NA,NA,3,NA,1st
5203,E4618,N,Shore,1999?,1999,NA,NA,1999,NA,NA,NA,NA,1st
5204,E4619,N,Shore,1999?,1999,NA,NA,1999,NA,NA,NA,NA,1st
